fixed acidity,volatile acidity,citric acid,residual sugar,chlorides,free sulfur dioxide,total sulfur dioxide,density,pH,sulphates,alcohol,quality
7.4,0.7,0.0,1.9,0.076,11.0,34.0,0.9978,3.27,0.56,9.4,5
7.8,0.88,0.0,2.6,0.098,25.0,67.0,0.9968,3.2,0.68,9.8,5
7.8,0.76,0.04,2.3,0.092,38.42,21.75,0.997,3.26,0.65,9.8,5
11.2,0.28,0.56,1.9,0.37,17.0,71.22,1.0,3.16,0.82,9.8,6
7.4,0.7,0.86,6.97,0.076,11.0,26.6,0.99,3.88,0.56,9.4,5
15.55,0.66,0.0,1.8,0.075,13.0,117.17,0.9978,3.51,0.56,9.4,5
5.96,0.6,0.08,1.6,0.069,15.0,59.0,0.9964,3.3,0.46,9.4,5
7.3,0.89,0.0,1.2,0.065,15.0,21.0,1.0,3.39,0.47,10.0,7
7.8,0.58,0.02,2.0,0.073,9.0,18.0,1.0,3.36,0.57,9.5,7
7.5,0.5,0.36,6.1,0.071,17.0,98.17,1.0,3.35,0.8,10.5,5
6.7,0.56,0.04,1.8,0.42,59.57,192.6,0.9959,3.28,0.54,9.2,5
8.94,0.5,0.01,14.86,0.13,25.1,102.0,0.9978,3.35,1.7,10.5,5
5.6,0.615,0.02,14.74,0.08900000000000001,16.0,230.81,0.9943,3.58,0.52,11.45,5
7.8,0.61,0.29,1.6,0.114,9.0,234.36,0.99,3.91,1.56,9.1,5
8.9,0.62,0.18,5.44,0.17600000000000002,52.0,281.64,1.0,3.16,2.0,9.2,5
8.9,0.62,0.19,0.97,0.17,8.23,229.62,0.9986,3.17,0.93,9.2,5
8.5,0.28,0.23,1.8,0.38,35.0,263.61,0.9969,3.7,1.98,11.35,7
9.3,0.56,0.28,1.7,0.54,16.0,56.0,0.9968,3.11,1.28,14.2,5
13.6,1.45,0.29,4.4,0.086,6.0,29.0,1.0,3.38,0.5,9.0,4
7.9,0.32,0.51,1.8,0.47,69.06,56.0,0.9969,3.04,1.08,9.2,6
8.9,0.66,0.48,2.82,0.077,29.0,241.72,0.9968,3.39,0.53,9.4,6
7.6,0.39,0.14,2.3,0.04,35.34,71.0,0.9982,3.52,0.65,9.7,5
7.9,0.43,0.21,1.6,0.106,10.0,37.0,0.9966,3.17,0.91,9.5,5
8.5,0.49,0.11,2.3,0.084,9.0,230.12,0.99,3.17,0.53,9.4,5
6.9,0.4,0.14,2.4,0.085,70.78,40.0,0.9968,3.25,0.63,9.7,6
6.3,0.39,0.16,1.4,0.08,11.0,23.0,0.9955,3.34,0.56,9.3,5
7.6,1.29,0.24,1.8,0.04,47.28,11.0,0.9962,3.28,0.59,9.84,5
10.55,0.43,0.21,1.6,0.106,4.76,37.0,0.9966,3.17,0.91,9.5,5
13.78,1.18,0.0,1.9,0.08,34.88,35.0,0.9972,3.94,0.55,9.4,5
7.8,1.24,0.72,2.0,0.08199999999999999,8.0,254.91,0.9964,3.38,0.59,9.8,6
12.1,0.22,0.77,2.4,0.13,11.55,92.09,0.9958,3.35,0.54,10.1,5
6.9,0.685,0.0,2.5,0.105,22.0,37.0,1.0,3.46,0.57,10.6,6
8.3,0.655,0.12,8.42,0.61,15.0,113.0,1.0,3.17,0.66,9.8,5
6.9,0.41,0.12,15.36,0.073,40.0,83.0,0.9993,3.25,1.82,9.4,6
5.2,0.32,0.25,1.8,0.103,13.0,50.0,1.0,3.38,0.55,9.2,5
15.87,0.645,0.0,5.5,0.086,5.0,18.0,0.9986,3.4,0.55,9.6,6
7.8,0.6,0.14,2.4,0.086,3.0,166.91,0.9975,3.7,0.6,10.8,6
8.1,0.38,0.28,2.1,0.066,53.0,250.98,0.99,3.23,0.73,9.7,7
5.7,1.13,0.09,14.97,0.172,7.0,112.54,0.994,3.5,0.48,9.8,4
7.3,0.45,0.36,5.9,0.48,12.0,87.0,0.9978,3.33,0.83,11.07,5
12.71,0.45,0.36,5.9,0.07400000000000001,12.0,87.0,1.0,3.33,0.83,9.2,5
8.8,0.61,0.03,2.8,0.33,17.0,196.24,0.9976,3.78,0.51,9.3,4
7.37,0.86,0.2,2.6,0.332,8.0,14.0,0.99,3.21,1.18,10.5,6
8.1,0.66,0.22,2.2,0.069,9.0,23.0,0.9968,3.3,1.2,10.3,5
13.99,0.67,0.02,11.7,0.05,5.0,11.0,0.9962,3.21,0.52,13.14,5
4.6,1.21,0.15,4.04,0.054000000000000006,69.87,65.0,1.0,3.9,0.56,13.1,4
6.72,1.48,0.43,2.2,0.114,22.0,114.0,0.997,3.25,0.73,9.2,5
8.7,0.29,0.52,1.6,0.113,12.0,37.0,0.9969,3.25,0.58,12.51,5
12.41,1.12,0.23,1.6,0.066,5.0,12.0,0.9958,3.34,0.56,9.52,5
14.17,0.31,0.37,1.4,0.07400000000000001,12.0,96.0,0.9954,3.32,0.58,13.76,5
8.8,0.66,0.34,1.7,0.58,4.0,23.0,0.9971,3.15,0.74,9.2,5
6.6,0.52,0.04,2.2,0.11,8.0,15.0,0.9956,3.4,0.63,9.4,6
7.51,1.39,0.04,2.1,0.068,25.22,14.0,0.9955,3.39,0.64,9.4,6
8.6,0.2,0.36,3.0,0.081,50.25,106.2,0.997,3.2,0.56,9.4,5
7.6,0.43,0.82,2.8,0.11,33.0,73.0,0.9955,3.17,1.15,10.2,6
7.7,0.62,0.04,3.8,0.084,25.0,45.0,0.9978,3.66,0.53,9.5,5
10.2,0.42,0.57,3.4,0.07,4.0,10.0,1.0,3.04,0.63,9.6,5
7.5,0.63,0.55,5.1,0.111,50.0,210.73,0.9983,3.26,0.77,13.23,5
6.35,0.59,0.18,2.3,0.076,17.0,54.0,0.9975,3.43,0.59,10.0,5
7.3,0.39,0.31,2.4,0.32,66.11,46.0,0.9962,3.41,0.71,9.4,6
8.8,0.4,0.4,2.2,0.079,19.0,171.15,1.0,3.44,0.64,9.2,5
11.75,0.69,0.87,1.8,0.35,20.0,112.0,0.9968,3.21,0.71,9.3,5
7.5,0.52,0.16,1.9,0.085,12.0,35.0,0.9968,3.38,0.95,9.5,7
7.0,1.29,0.05,13.04,0.081,13.0,121.86,0.9966,3.39,0.57,12.81,5
7.94,0.91,0.05,4.65,0.086,4.0,11.0,0.9962,3.41,0.39,10.9,5
6.67,0.725,0.05,4.65,0.086,4.0,11.0,0.9962,3.41,0.39,10.9,5
4.89,0.52,0.11,1.5,0.079,11.0,279.04,0.9968,3.42,0.58,9.6,5
12.24,0.75,0.07,1.6,0.076,3.61,228.65,1.0,3.44,0.58,11.07,5
9.3,0.29,0.2,2.0,0.07400000000000001,43.24,65.0,0.9969,3.28,0.4,10.7,5
12.62,0.705,0.05,1.48,0.07400000000000001,8.0,75.3,0.9962,3.34,0.95,10.5,6
4.91,0.63,0.08,1.9,0.076,7.72,260.13,0.9967,3.46,0.43,13.77,6
7.7,0.67,0.93,2.1,0.08800000000000001,17.0,96.0,0.9962,3.65,0.48,9.5,5
7.7,0.69,0.22,1.9,0.084,11.11,94.0,1.0,3.03,1.23,13.26,5
8.3,0.675,0.26,2.1,0.084,64.42,28.5,0.9976,3.15,0.53,10.52,4
9.7,0.32,0.57,2.5,0.094,28.0,83.0,0.99,3.28,0.82,9.6,5
9.07,0.41,0.64,2.2,0.093,9.0,42.0,0.9986,3.54,0.66,10.76,5
8.8,0.41,0.64,2.2,0.093,1.6,42.0,0.9986,2.85,0.66,10.5,5
6.8,1.49,0.0,1.6,0.02,14.0,30.0,0.9966,3.68,0.55,10.7,6
6.7,0.75,0.18,2.0,0.086,12.0,80.0,0.9958,3.38,0.52,11.04,5
8.3,0.625,0.62,1.69,0.08,39.65,119.0,0.9972,3.23,1.12,9.1,4
6.2,0.45,0.59,1.6,0.069,3.0,15.0,0.9958,3.41,0.56,9.2,5
7.8,1.28,0.7,4.8,0.464,20.59,67.0,0.99,2.88,1.28,9.4,5
7.4,0.96,0.47,2.0,0.086,21.0,73.0,1.0,3.36,0.57,13.39,5
7.3,1.11,0.26,3.24,0.401,16.0,51.0,0.9969,3.16,1.14,9.4,5
6.3,0.3,0.89,1.8,0.069,18.0,61.0,0.9959,3.44,0.78,10.3,6
10.38,0.88,0.15,2.2,0.16,19.0,40.0,0.9961,3.41,0.59,10.1,5
7.35,0.49,0.28,1.9,0.11,20.0,136.0,0.9972,2.93,1.95,14.15,6
14.94,0.49,0.26,4.9,0.45,9.0,31.0,0.9966,3.1,0.64,9.6,5
9.3,0.39,0.1,10.03,0.107,34.0,136.38,0.9978,3.14,1.22,9.5,5
7.0,0.62,0.08,1.8,0.076,8.0,24.0,0.9978,3.48,0.53,9.0,5
7.9,0.52,0.26,10.59,0.079,42.0,147.86,0.9964,3.9,0.54,9.5,5
8.6,1.08,0.28,1.9,0.11,20.0,136.0,1.0,3.59,1.95,11.81,6
8.6,0.49,0.53,2.0,0.11,19.0,89.49,1.0,2.93,0.43,9.8,5
7.7,0.49,0.12,1.9,0.062,9.0,41.03,0.9966,3.39,0.64,9.6,5
7.27,1.02,0.04,1.4,0.045,41.0,85.0,0.9938,3.56,0.48,10.5,4
4.7,0.6,0.17,2.3,0.058,17.0,157.87,0.9932,3.32,0.55,12.9,6
6.8,0.775,0.0,5.47,0.102,8.0,23.0,0.9965,3.45,0.56,14.45,5
5.04,0.5,0.25,2.0,0.07,3.0,215.72,0.9963,3.56,0.63,9.2,5
7.6,0.9,0.95,6.1,0.079,35.43,241.6,0.9967,3.39,0.56,9.8,5
8.1,0.545,0.18,11.29,0.08,13.0,216.7,0.9972,3.3,0.59,9.0,6
8.3,1.3,0.3,2.1,0.084,11.0,125.39,0.9972,3.4,0.61,14.49,6
7.8,0.5,0.3,1.31,0.075,24.03,22.0,0.9959,3.51,0.56,13.35,6
8.1,1.12,0.18,2.87,0.33,13.0,35.0,0.9972,3.89,0.59,9.0,6
8.1,0.575,0.22,1.22,0.077,12.0,65.0,0.9967,3.29,0.51,9.2,5
11.16,0.49,0.24,2.2,0.07,5.0,36.0,0.996,3.33,0.48,9.4,5
8.1,0.9,0.22,11.88,0.077,12.0,65.0,0.9967,3.29,0.51,12.38,5
7.8,0.41,0.85,1.7,0.467,18.0,69.0,0.9973,3.97,1.0,9.3,5
15.07,0.63,0.31,1.7,0.08800000000000001,15.0,64.0,0.9969,3.46,0.79,9.3,5
10.05,0.33,0.53,2.5,0.091,18.0,80.0,0.9976,3.37,0.8,9.6,6
8.1,0.785,0.52,2.0,0.122,37.0,153.0,0.9969,3.21,0.69,9.3,5
7.8,1.08,0.19,1.8,0.104,12.0,14.74,1.0,2.75,0.93,9.5,5
8.4,0.62,0.09,2.2,0.084,23.38,108.0,1.0,3.15,0.66,14.81,5
8.4,0.7,0.1,2.2,0.085,14.0,152.14,0.9964,3.15,0.66,10.73,5
10.1,0.31,0.44,2.3,0.43,22.0,46.0,0.9988,3.32,0.67,9.7,6
7.8,1.38,0.19,7.28,0.104,12.0,47.0,0.9964,3.19,0.93,9.5,5
9.4,0.52,0.31,2.2,0.09,13.0,62.0,0.9966,3.67,0.63,10.5,6
5.86,0.54,0.28,1.9,0.077,11.0,40.0,0.9978,3.39,0.83,10.0,6
7.8,1.28,0.19,2.0,0.58,7.0,28.0,1.0,3.37,0.5,12.29,6
8.8,0.32,0.04,2.2,0.119,14.0,103.02,0.9962,3.21,0.6,13.91,6
7.0,0.69,0.08,1.8,0.097,22.0,89.0,0.9959,3.34,0.54,9.2,6
7.3,1.52,0.09,1.7,0.17800000000000002,10.0,89.0,0.9962,3.3,0.57,9.0,5
8.8,0.55,0.04,2.2,0.119,14.0,141.23,1.0,3.21,0.6,10.9,6
7.3,0.695,0.0,2.5,0.075,3.0,13.0,0.998,3.68,0.52,9.2,5
7.05,1.39,0.0,14.29,0.15,11.0,101.55,1.0,2.94,0.73,9.5,5
7.8,0.5,0.17,1.6,0.08199999999999999,21.0,102.0,0.996,3.34,0.48,9.5,5
9.0,0.62,0.04,1.9,0.146,67.63,90.0,0.9984,3.16,0.7,9.4,5
8.2,1.33,0.0,1.7,0.081,16.51,12.0,0.9964,2.96,0.49,12.45,5
8.1,1.33,0.0,12.49,0.08199999999999999,3.0,12.0,0.9964,3.54,1.18,10.9,5
14.75,0.59,0.97,1.8,0.065,3.0,16.0,0.9962,3.59,0.92,14.38,7
6.1,0.13,0.15,1.8,0.07200000000000001,6.0,19.0,0.99,3.42,0.57,9.4,5
8.0,0.745,0.56,2.0,0.02,30.0,252.15,0.9968,3.7,0.66,9.4,5
11.6,0.5,0.35,2.3,0.049,17.0,99.0,0.9937,2.98,0.63,13.0,5
13.4,0.5,0.09,2.3,0.049,67.48,99.0,0.9937,3.63,0.63,13.0,5
6.6,0.5,0.01,1.5,0.05,17.0,102.91,0.9952,3.4,0.83,9.8,6
7.9,1.04,0.05,2.2,0.084,46.72,29.0,0.9959,2.9,0.55,9.9,6
15.82,1.18,0.11,1.9,0.09,16.0,202.03,0.9965,3.19,0.82,8.43,5
8.3,0.715,0.15,1.8,0.08900000000000001,10.0,52.0,0.9968,3.23,0.77,9.5,5
7.2,0.415,0.36,7.63,0.081,13.0,45.0,0.9972,3.48,1.35,13.72,5
12.38,0.56,0.19,2.1,0.081,15.0,105.0,0.9962,3.33,0.54,9.5,5
7.8,0.56,0.89,5.29,0.21,17.0,108.0,0.9962,3.32,0.54,9.5,5
8.4,0.745,0.11,1.9,0.09,16.0,63.0,0.9965,3.19,0.82,9.6,5
8.3,0.715,0.15,1.8,0.12,10.0,52.0,1.0,3.77,0.9,10.26,5
5.2,0.19,0.0,1.8,0.05,27.0,63.0,0.9916,3.68,0.79,14.0,6
6.3,0.39,0.08,1.7,0.066,23.19,66.62,0.9954,3.38,0.58,9.4,5
5.2,0.88,0.0,1.8,0.05,27.0,137.74,0.9916,3.68,0.79,14.0,6
8.1,0.67,0.55,1.8,0.117,32.0,105.24,0.9968,3.17,0.62,14.25,5
12.54,0.68,0.02,8.05,0.087,21.0,94.0,0.9944,3.54,0.52,10.0,5
10.14,0.49,0.26,9.94,0.49,10.0,88.0,0.9968,3.11,1.35,9.3,5
6.9,0.49,0.1,2.3,0.07400000000000001,12.0,167.45,0.9959,3.42,0.58,9.82,6
11.67,0.4,0.25,2.8,0.08900000000000001,11.0,43.0,1.0,3.53,0.61,10.5,6
7.3,0.74,0.82,2.1,0.36,5.0,11.0,0.9958,3.33,0.53,10.83,6
9.44,0.52,0.8,8.6,0.61,32.0,69.0,0.9996,2.74,2.0,11.99,4
8.03,0.6,0.03,1.8,0.095,25.0,99.0,0.995,3.35,0.69,10.1,5
7.5,1.4,0.95,1.8,0.095,25.0,99.0,0.995,3.35,0.54,14.32,5
7.1,0.17,0.42,5.5,0.12,29.0,129.0,0.9973,3.42,0.72,10.5,5
7.1,0.43,0.42,4.07,0.071,28.0,130.54,0.9973,3.42,0.71,10.5,5
7.1,0.43,0.42,4.0,0.07,29.0,206.61,0.9973,3.42,0.72,10.5,5
7.1,0.43,0.42,5.5,0.39,19.57,10.45,0.9973,3.42,1.65,10.5,5
7.1,0.68,0.6,2.2,0.26,12.0,103.52,0.9969,3.48,0.5,9.3,5
6.8,0.6,0.18,1.9,0.079,39.34,86.0,0.9968,3.59,0.57,10.43,6
7.6,0.95,0.03,11.92,0.09,7.0,56.64,0.9959,3.2,0.56,14.42,5
5.17,1.26,0.02,1.3,0.07200000000000001,9.0,20.0,0.99,3.17,1.08,9.2,4
12.48,0.53,0.04,1.7,0.24,17.0,31.0,0.9964,3.33,0.56,14.66,6
11.35,0.91,0.98,9.62,0.07,36.0,121.0,0.99,3.37,0.49,9.4,5
8.72,0.59,0.26,14.01,0.07,35.0,121.0,1.0,3.37,0.49,14.78,5
7.8,0.63,0.48,1.7,0.19,14.0,210.88,0.9961,3.19,0.62,11.53,5
6.8,0.64,0.6,2.1,0.085,18.0,101.0,1.0,3.93,0.52,10.2,5
7.3,0.55,0.03,1.6,0.19,17.0,247.85,0.9956,3.37,0.48,13.85,4
6.8,0.63,0.07,2.1,0.08900000000000001,11.0,44.0,0.9953,3.47,0.55,10.4,6
7.5,0.705,0.88,1.8,0.36,15.0,63.0,0.9964,2.83,1.59,9.5,5
7.9,0.885,0.03,7.39,0.058,4.0,8.0,1.0,3.69,0.33,14.55,4
8.0,1.26,0.17,2.0,0.073,71.03,80.8,0.9972,3.29,1.74,9.2,6
8.0,0.42,0.17,2.0,0.32,50.19,40.39,0.9972,3.29,0.61,9.2,6
11.03,0.62,0.32,1.9,0.068,35.1,55.05,0.9961,2.87,0.57,11.5,6
7.3,0.38,0.21,13.49,0.08,7.0,35.0,1.0,3.33,1.86,9.5,5
9.85,0.5,0.04,1.5,0.085,53.32,49.0,1.0,3.35,0.78,9.5,5
9.31,0.38,0.21,2.0,0.08,7.0,35.0,0.99,3.33,0.47,9.5,5
13.58,0.68,0.42,2.3,0.5,8.0,47.6,0.9972,3.58,0.61,14.17,6
7.0,0.805,0.0,4.67,0.068,7.0,20.0,0.9969,3.48,0.56,9.6,5
8.8,0.61,0.14,2.4,0.43,1.48,42.0,0.99,3.19,0.59,9.5,5
8.8,0.61,0.42,12.59,0.067,11.02,42.0,1.0,3.12,0.59,9.5,5
8.9,1.45,0.55,2.0,0.27,56.79,110.0,0.9972,3.12,0.65,9.3,5
7.2,0.73,0.7,7.08,0.17,16.0,42.0,0.9972,3.44,0.52,8.92,5
6.8,0.61,0.2,1.8,0.077,11.0,95.07,0.9971,3.04,0.58,9.3,5
6.7,0.12,0.24,9.24,0.079,37.16,62.0,0.997,3.59,0.58,9.3,6
8.9,0.31,0.57,6.12,0.111,8.63,85.0,0.9971,3.26,0.53,10.83,5
7.4,0.39,0.48,2.74,0.54,14.0,67.0,1.0,3.52,1.84,9.2,5
7.7,0.705,0.1,2.6,0.42,62.25,26.0,1.0,3.39,0.49,9.5,5
7.9,1.44,0.33,2.0,0.084,15.0,143.0,0.9968,3.8,0.55,9.5,5
12.48,0.49,0.32,1.9,0.08199999999999999,17.0,174.02,1.0,3.2,0.55,13.82,5
15.04,0.5,0.35,4.51,0.077,21.0,127.0,0.9976,3.93,0.62,9.4,5
10.5,0.37,0.25,1.9,0.5,21.0,58.26,0.9974,3.57,0.62,9.8,6
6.8,0.63,0.12,3.8,0.099,16.0,126.0,0.9969,3.28,0.61,9.5,5
7.6,1.21,0.21,9.85,0.071,7.0,28.0,0.9964,3.28,0.55,9.7,5
7.6,0.55,0.21,2.2,0.071,7.0,28.0,0.9964,3.28,0.55,9.48,5
7.8,0.56,0.33,2.0,0.07400000000000001,24.0,120.0,0.9968,3.25,1.27,9.4,5
4.94,0.58,0.66,2.4,0.07400000000000001,15.0,112.87,1.0,3.82,0.59,10.2,5
15.12,0.3,0.45,2.0,0.33,12.0,27.0,0.9981,3.11,0.97,10.1,6
5.4,0.835,0.08,1.2,0.45,13.0,93.0,0.9924,3.57,1.61,13.0,7
6.9,0.8,0.06,2.1,0.061,12.0,72.51,0.9948,3.51,0.43,11.4,4
9.6,0.32,0.47,1.4,0.56,9.0,24.0,1.0,3.22,1.92,10.3,7
8.8,0.37,0.48,2.1,0.47,39.0,145.0,0.9975,3.23,1.03,9.3,5
8.66,0.5,0.11,1.5,0.18,12.92,96.78,0.99545,3.36,1.83,12.2,5
14.84,0.48,0.35,1.6,0.08800000000000001,16.0,39.0,0.9961,3.02,0.55,9.2,5
7.0,0.51,0.36,1.6,0.08900000000000001,14.0,37.0,0.99615,3.34,0.56,10.02,6
12.8,0.3,0.74,2.6,0.1,12.57,28.0,0.9994,3.2,1.4,9.27,7
12.8,0.3,0.74,2.6,0.095,59.34,28.0,0.99,3.2,0.77,10.8,7
7.8,0.78,0.31,1.8,0.069,51.1,120.0,0.99625,3.29,0.53,9.26,5
7.8,0.44,0.28,2.7,0.1,18.0,95.0,0.9966,3.22,0.67,10.21,5
14.92,0.3,0.58,4.67,0.054000000000000006,7.0,21.97,1.0,3.31,0.44,10.5,7
9.7,0.53,0.97,2.0,0.07,5.0,19.0,0.99585,2.91,0.86,13.42,6
11.29,0.725,0.24,2.8,0.083,10.0,62.0,0.99685,3.35,0.56,10.0,6
5.2,0.44,0.64,2.1,0.059,5.0,15.0,0.99,3.21,0.67,11.02,6
8.2,1.08,0.38,2.2,0.06,11.71,68.9,0.9959,3.3,0.43,10.03,5
7.59,0.735,0.75,2.4,0.092,10.0,41.0,0.9974,3.24,0.71,13.33,6
7.0,0.49,0.49,8.14,0.39,26.0,121.0,1.0,4.0,0.76,10.5,5
15.55,0.64,0.16,2.0,0.51,10.85,49.0,1.0,2.74,0.57,11.0,5
6.96,0.725,0.22,2.2,0.07200000000000001,11.0,183.13,0.9967,3.36,0.55,9.1,5
7.5,0.58,0.19,5.98,0.076,3.97,44.0,0.9957,3.39,1.77,9.7,5
7.8,0.34,0.33,4.73,0.42,24.0,144.0,0.99655,3.3,0.6,9.4,5
7.8,0.34,0.37,14.83,0.08199999999999999,43.93,58.0,0.9964,3.34,0.59,9.4,6
7.4,0.53,0.95,13.98,0.101,16.0,72.0,1.0,3.15,0.57,9.4,5
6.8,1.39,0.14,1.5,0.02,5.0,10.0,0.99525,3.42,0.6,9.5,5
8.6,0.645,0.25,2.0,0.083,62.2,25.97,1.0,3.63,0.6,10.84,6
8.4,0.635,0.36,2.0,0.08900000000000001,15.0,55.0,0.99745,3.24,0.57,10.4,4
7.7,1.55,0.25,2.6,0.073,4.33,23.61,1.0,3.37,0.58,13.92,6
8.9,1.41,0.5,2.0,0.337,27.0,81.0,0.9964,3.48,1.61,9.5,6
9.0,1.17,0.14,2.6,0.08900000000000001,1.14,23.0,0.99,3.39,0.63,10.93,5
7.7,0.43,0.25,2.6,0.24,29.0,177.93,0.99615,3.17,0.58,10.5,6
6.9,0.52,0.25,2.6,0.081,10.0,37.0,0.99685,3.46,0.5,14.67,5
12.06,0.48,0.74,1.6,0.054000000000000006,19.0,106.0,0.9927,3.54,1.33,12.2,7
8.0,0.66,0.06,1.8,0.078,12.0,49.0,0.99625,3.37,1.16,9.9,6
8.5,0.8,0.2,6.73,0.09,30.93,79.59,0.998,3.34,0.68,9.6,6
11.93,0.52,0.25,2.6,0.081,60.85,37.0,0.99685,3.77,0.5,11.0,5
8.2,1.0,0.92,2.3,0.065,7.0,37.0,0.99,3.32,0.55,14.33,6
7.2,0.63,0.0,7.06,0.097,14.0,90.39,0.99675,3.37,0.58,9.52,6
7.2,0.63,0.0,1.9,0.097,14.0,38.0,0.99675,3.37,1.67,9.0,6
7.2,0.645,0.0,15.27,0.097,15.0,39.0,0.99675,3.37,0.58,9.2,6
7.2,0.63,0.0,1.9,0.097,14.0,152.99,0.99675,3.37,0.58,8.96,6
4.7,1.0,0.09,2.3,0.065,7.0,37.0,0.99685,3.59,0.88,9.0,6
8.9,0.635,0.37,1.08,0.263,5.0,164.31,0.9971,3.0,1.09,9.3,5
4.68,0.32,0.8,2.1,0.093,6.0,208.61,0.99925,3.14,0.71,10.9,6
7.7,0.58,0.1,1.88,0.102,28.0,33.62,1.0,3.08,0.49,9.65,6
15.0,0.21,0.39,2.2,0.075,32.54,24.0,1.0,3.07,1.53,9.2,7
15.0,0.21,0.2,2.2,0.075,10.0,24.0,1.00005,3.07,2.0,9.2,7
7.3,0.66,0.0,2.0,0.084,6.0,237.64,0.9983,3.66,1.71,9.9,6
7.1,0.68,0.07,10.58,0.075,16.0,51.0,0.99685,3.38,0.52,9.99,5
11.53,0.6,0.17,15.07,0.17,38.97,73.0,0.9963,3.2,0.45,11.8,5
7.7,0.53,0.06,1.7,0.07400000000000001,9.0,39.0,0.99615,3.35,0.48,9.72,6
7.3,0.66,0.54,2.0,0.084,6.0,23.0,0.9983,3.61,0.96,10.41,6
10.8,0.32,0.44,1.6,0.063,16.0,151.01,0.9985,3.22,0.78,10.0,6
14.87,0.91,0.54,1.8,0.07400000000000001,16.0,34.0,0.9972,3.47,0.7,9.92,6
11.1,0.35,0.48,3.1,0.09,5.0,21.0,0.9986,3.24,0.53,10.5,5
7.7,0.775,0.98,2.73,0.092,8.0,86.0,0.9959,3.88,0.59,9.5,5
7.1,0.6,0.0,1.8,0.07400000000000001,16.0,34.0,1.0,3.47,0.7,9.9,6
10.1,0.57,0.23,8.84,0.073,17.0,99.85,1.0,3.91,0.57,9.3,5
9.4,0.34,0.37,2.2,0.075,5.0,51.42,0.998,3.22,0.62,9.2,5
6.6,1.34,0.0,2.1,0.37,24.24,56.0,1.0,3.49,1.59,9.2,5
14.73,0.41,0.03,2.94,0.611,18.04,45.0,0.9968,3.06,1.26,9.4,5
9.69,0.31,0.18,2.6,0.24,14.0,33.0,1.0,3.36,0.8,10.5,7
7.9,1.17,0.23,3.51,0.44,18.0,45.0,0.99625,3.29,0.65,9.3,5
7.0,0.975,0.04,2.0,0.087,12.0,182.83,0.99565,3.35,0.6,13.27,4
8.0,0.52,0.03,1.7,0.07,10.0,35.0,1.0,3.34,0.68,10.0,5
7.9,0.69,0.23,1.8,0.077,45.99,49.0,0.9963,3.28,0.67,14.32,5
9.8,0.56,0.49,2.4,0.064,5.0,27.0,0.9999,3.08,0.87,10.9,5
13.47,0.26,0.52,12.3,0.071,6.0,10.0,0.9968,3.2,0.72,10.87,7
14.72,0.87,0.0,3.3,0.35,14.03,61.0,1.00025,3.6,0.72,9.8,4
7.9,0.35,0.46,3.6,0.078,15.0,37.0,0.9973,3.35,0.86,12.8,8
5.05,0.54,0.04,3.63,0.077,35.44,27.0,1.0,3.69,0.91,9.4,6
11.33,0.18,0.27,4.0,0.104,4.0,178.17,0.9996,3.28,1.2,10.1,6
7.9,0.89,0.55,10.32,0.18,27.0,61.0,1.0,3.36,0.67,9.07,6
12.74,0.18,0.51,4.0,0.32,4.0,23.0,1.0,3.19,0.97,13.97,6
10.9,0.37,0.58,4.0,0.071,69.35,65.0,1.0,3.22,0.78,11.61,5
12.63,0.715,0.19,2.4,0.076,10.0,38.0,0.99735,2.78,0.36,9.48,5
7.5,0.65,0.18,7.0,0.08800000000000001,27.0,94.0,0.99915,3.38,0.75,9.4,5
7.9,0.545,0.06,4.0,0.087,27.0,198.57,0.9965,3.36,0.67,10.7,6
6.9,0.54,0.04,3.0,0.077,47.31,214.36,0.9987,3.46,0.91,9.4,6
11.5,0.18,0.51,13.24,0.104,4.0,23.0,1.0,3.93,0.97,10.1,6
10.3,0.32,0.45,6.4,0.073,5.0,13.0,0.9976,3.23,0.82,12.6,8
8.9,0.4,0.32,5.6,0.087,36.88,47.0,0.9991,2.91,1.38,10.5,7
11.4,0.26,0.78,3.6,0.071,6.0,108.33,1.0,3.12,0.82,9.3,6
10.39,0.27,0.68,3.5,0.358,5.0,10.0,0.9972,3.25,1.08,9.9,7
7.6,0.52,0.12,3.0,0.067,1.6,53.0,0.9971,3.36,1.99,9.1,5
8.9,0.28,0.32,12.85,0.087,10.0,47.0,0.9991,3.38,0.77,11.67,7
9.9,0.59,0.07,3.4,0.102,32.0,71.0,1.00015,3.31,0.71,9.8,5
9.9,0.59,0.07,3.4,0.102,32.0,71.0,1.00015,3.31,0.71,9.8,5
12.0,0.52,0.77,2.0,0.073,25.0,49.0,1.0,3.8,0.76,13.39,6
7.5,0.4,0.25,3.0,0.092,66.14,206.91,1.0,3.37,0.99,10.3,6
8.7,0.52,0.09,2.5,0.091,50.0,49.0,0.9976,3.6,0.86,10.6,7
12.19,0.42,0.53,8.46,0.51,33.0,98.0,1.001,3.2,0.95,9.2,5
8.55,0.52,0.09,8.24,0.091,20.0,49.0,0.9976,3.34,1.61,10.6,7
11.0,1.43,0.48,2.0,0.343,57.55,234.09,0.9979,3.3,1.38,10.5,5
10.4,0.55,0.23,2.7,0.091,18.0,48.0,0.9994,3.49,1.58,10.3,6
6.9,0.36,0.09,15.03,0.54,55.23,16.0,0.9964,3.97,0.6,10.1,6
14.93,0.34,0.52,13.67,0.094,17.0,53.0,1.0014,3.05,0.81,9.5,6
5.02,0.5,0.46,11.83,0.073,5.0,74.71,0.99,3.75,0.76,9.88,5
10.6,0.83,0.63,2.6,0.086,26.0,70.0,0.9981,3.39,0.52,9.9,5
7.1,0.63,0.06,2.0,0.083,8.0,29.0,1.0,3.67,0.73,9.6,5
7.2,1.29,0.02,2.3,0.094,47.13,31.0,0.9993,3.67,0.8,9.7,5
6.9,1.38,0.06,2.1,0.08,53.07,33.0,0.99845,3.68,0.71,9.6,5
7.85,1.24,0.56,2.6,0.086,20.0,44.0,0.9965,3.38,0.59,14.28,6
11.1,0.18,0.72,1.5,0.35,23.24,15.0,0.9973,3.22,0.64,10.1,6
8.3,0.705,0.12,2.6,0.11,12.0,241.94,0.99,3.51,0.72,10.0,5
7.4,0.67,0.49,1.6,0.45,5.0,45.2,0.996,3.39,0.54,9.5,5
8.4,1.5,0.6,2.1,0.48,12.0,90.0,1.0,3.2,0.52,9.2,5
10.3,0.69,0.66,2.5,0.063,6.0,25.0,0.99,3.12,0.59,9.3,6
7.6,0.62,0.32,2.2,0.08199999999999999,7.0,285.18,0.99,3.23,0.4,9.4,5
10.3,0.41,0.42,2.4,0.11,44.6,14.0,1.0,3.19,0.62,9.5,6
10.3,0.14,0.44,2.4,0.214,5.0,41.65,0.9994,3.19,1.41,9.5,6
7.4,0.29,0.38,1.7,0.04,9.0,80.19,0.9968,3.41,0.53,14.42,6
10.3,0.53,0.48,2.5,0.063,6.0,25.0,0.9998,3.12,0.59,9.3,6
7.9,0.53,0.24,2.0,0.07200000000000001,63.26,105.0,0.996,3.27,0.54,9.4,6
9.0,0.46,0.31,2.8,0.093,19.0,98.0,0.99815,3.32,1.7,9.5,6
8.6,0.57,0.4,9.14,0.15,30.0,135.0,0.9976,3.3,0.53,9.4,5
7.4,0.36,0.29,2.6,0.087,26.0,236.64,1.0,3.39,1.09,11.0,5
12.26,0.35,0.29,2.5,0.096,39.7,53.0,0.9962,3.42,0.65,11.0,6
9.3,0.56,0.23,3.4,0.102,37.0,92.0,0.9996,3.3,0.65,10.1,5
9.6,1.28,0.12,2.9,0.09,60.89,74.0,0.99865,3.92,1.67,10.4,6
6.13,0.66,0.39,10.56,0.083,21.0,24.4,0.9989,3.23,0.71,11.5,7
5.68,0.77,0.12,2.9,0.08199999999999999,47.52,74.0,0.99865,3.3,0.64,10.4,6
9.8,1.37,0.39,3.2,0.59,21.0,59.0,0.9989,3.37,1.9,11.5,7
9.3,0.57,0.02,3.4,0.09,25.0,87.0,0.99975,2.97,0.62,9.7,5
6.63,0.62,0.05,4.22,0.079,6.0,18.0,0.99735,3.29,0.63,9.3,5
10.3,0.59,0.42,4.3,0.09,35.0,73.0,0.99,3.28,0.7,9.5,6
10.0,0.49,0.2,13.47,0.31,13.0,74.59,1.0015,3.16,0.69,9.2,6
10.0,0.49,0.2,11.0,0.071,13.0,50.0,1.0015,3.16,0.69,9.2,6
15.09,0.53,0.66,3.65,0.121,6.0,141.21,0.9978,3.09,1.94,11.5,7
10.3,0.44,0.5,4.5,0.107,5.0,13.0,0.998,3.28,0.83,14.53,5
13.4,1.18,0.62,2.6,0.04,6.0,21.0,1.0002,3.16,1.65,9.7,6
10.7,0.46,0.39,2.0,0.061,30.94,15.0,1.0,3.18,0.62,9.5,5
15.82,0.36,0.64,2.9,0.27,10.0,41.0,0.998,3.45,0.66,12.5,6
10.2,0.36,0.87,2.9,0.122,10.0,41.0,0.998,3.23,0.66,12.5,6
8.0,0.58,0.28,3.2,0.066,21.0,141.08,0.9973,3.22,0.34,9.4,6
5.42,0.56,0.85,2.1,0.105,16.0,44.0,0.9958,3.13,1.12,11.0,5
7.9,0.65,0.01,2.5,0.078,17.0,38.0,0.9963,3.34,0.74,11.7,7
11.9,1.32,0.52,14.96,0.128,7.0,176.36,0.9992,3.17,0.84,12.2,7
8.9,0.43,0.88,1.9,0.052000000000000005,6.0,285.95,0.9948,3.35,0.7,12.5,6
7.15,0.43,0.32,2.8,0.08,29.0,171.93,0.9974,3.31,1.21,10.3,5
12.4,0.49,0.58,3.0,0.18,28.0,99.0,1.0008,3.16,1.0,11.5,6
12.5,0.28,0.54,2.3,0.08199999999999999,12.0,29.0,0.9997,3.69,1.36,8.64,7
12.79,0.34,0.5,2.4,0.46,10.0,21.0,1.0,3.12,1.18,9.2,6
14.11,0.42,0.48,4.22,0.065,5.0,41.01,1.0,3.21,0.87,11.3,6
10.9,0.39,0.47,1.8,0.118,19.95,14.0,0.9982,3.3,0.75,9.8,6
10.9,0.39,0.93,1.8,0.34,7.38,14.0,0.9982,3.3,1.81,9.8,6
13.35,0.97,0.5,2.6,0.08199999999999999,6.0,32.0,1.0,2.85,0.78,13.82,6
11.58,0.3,0.0,7.5,0.067,4.42,63.0,0.9979,3.6,1.94,9.9,5
6.6,0.815,1.0,2.7,0.5,17.0,34.0,0.9955,3.58,0.57,12.3,7
13.8,1.16,0.67,3.0,0.093,6.0,179.98,0.9986,3.02,0.93,12.0,6
13.42,0.56,0.31,12.01,0.08900000000000001,15.0,46.0,0.99,3.11,0.92,10.0,6
9.1,1.51,0.0,2.6,0.093,11.0,210.39,0.9994,3.36,0.86,14.85,6
10.7,0.67,0.22,2.7,0.107,17.0,34.0,1.0004,3.28,0.98,9.9,6
9.1,0.795,0.0,2.6,0.096,52.35,26.0,0.9994,3.35,0.83,9.4,6
7.7,0.42,0.0,2.4,0.16,16.5,19.0,0.9974,3.27,0.91,9.3,5
14.98,1.33,0.94,4.8,0.12,23.0,77.0,1.0,3.25,0.53,13.0,5
6.1,0.21,0.4,1.4,0.066,40.5,165.0,0.9912,3.35,0.59,11.9,6
6.7,0.75,0.01,2.4,0.12,17.0,32.0,0.9955,3.55,0.61,11.63,6
11.5,0.41,0.52,3.0,0.08,29.0,55.0,1.0001,3.62,1.14,11.71,5
10.5,0.42,0.66,2.95,0.5,12.0,29.0,0.997,3.24,0.75,11.7,7
11.9,0.43,0.66,3.1,0.56,10.0,23.0,1.0,3.15,0.85,11.26,7
12.6,0.38,0.66,10.74,0.17,23.15,41.0,1.001,3.17,0.68,9.8,6
8.2,0.7,0.23,2.0,0.099,28.99,21.88,0.9973,3.19,0.7,11.43,5
10.72,0.45,0.65,2.6,0.086,21.0,50.0,0.99,3.94,1.77,11.02,6
14.53,0.72,0.66,2.5,0.07200000000000001,59.39,37.0,0.9992,3.05,0.44,10.0,5
12.5,0.46,0.63,2.0,0.071,6.0,15.0,0.9988,3.02,1.45,10.2,5
12.8,1.37,0.75,5.8,0.21,33.55,42.0,1.0022,3.49,1.1,10.0,7
10.0,0.42,0.52,13.77,0.107,7.0,21.0,0.9979,3.81,0.93,11.8,6
12.8,0.615,0.66,5.8,0.083,7.0,42.0,1.0022,3.07,0.73,10.0,7
10.4,1.2,0.61,2.6,0.41,63.04,84.21,1.0,3.16,0.69,9.0,5
10.3,0.34,0.52,2.8,0.159,15.0,75.0,1.0,3.18,0.64,9.4,5
9.4,0.21,0.9,2.4,0.07400000000000001,6.0,121.59,0.9962,2.92,1.13,8.68,7
6.9,1.15,0.02,15.34,0.063,6.19,205.54,0.9975,2.78,0.56,9.9,5
4.82,0.24,0.4,1.6,0.056,11.0,25.0,0.9967,3.32,1.95,8.7,6
9.1,0.28,0.48,14.22,0.067,26.0,46.0,0.9967,3.32,1.04,12.48,6
7.4,0.69,0.22,2.2,0.106,12.0,72.0,0.9959,3.05,0.63,9.2,5
14.0,0.41,0.23,3.8,0.08900000000000001,6.0,47.0,1.0014,3.01,0.81,10.8,6
11.5,0.54,0.75,12.2,0.124,6.0,286.65,0.9984,3.01,0.49,11.8,7
13.37,0.45,0.78,2.5,0.34,19.0,47.0,1.0003,3.26,1.11,11.0,6
9.4,0.74,0.53,2.4,0.07400000000000001,6.0,58.91,0.9962,3.2,1.13,12.0,7
11.4,0.625,0.66,6.2,0.2,6.0,24.0,0.9988,3.11,0.99,13.3,6
8.3,0.42,0.38,2.5,0.094,10.07,60.0,0.9979,3.31,0.7,8.91,6
5.93,0.65,0.42,2.0,0.08,11.0,27.0,0.9974,3.07,0.8,9.4,6
13.7,0.415,0.68,2.9,0.085,17.0,43.0,1.0014,3.06,0.8,10.0,6
8.3,0.19,0.7,2.0,0.53,19.65,27.0,0.9974,3.21,0.8,9.4,6
8.3,0.26,0.42,2.0,0.47,11.0,27.0,0.9974,3.21,0.8,9.4,6
5.8,0.51,0.28,1.23,0.087,23.0,95.17,1.0,3.42,0.74,9.2,5
14.4,0.63,0.07,15.45,0.26,11.0,37.0,0.99,3.43,0.76,13.19,6
7.8,0.54,0.26,12.83,0.08800000000000001,23.0,48.0,0.9981,3.41,0.71,9.2,6
4.77,0.66,0.01,1.9,0.079,17.0,42.0,0.9972,3.31,0.54,9.6,6
15.67,0.46,0.26,3.12,0.08800000000000001,23.0,53.0,1.0,3.43,0.94,9.2,6
9.6,0.38,0.31,2.5,0.096,16.0,49.0,0.99,3.19,0.7,10.0,7
5.6,0.85,0.05,1.4,0.045,27.36,88.0,0.99,3.56,0.82,12.9,8
4.77,0.415,0.68,2.9,0.05,16.26,43.0,0.99,3.17,1.36,10.0,6
9.5,0.37,0.52,2.0,0.08199999999999999,27.59,26.0,0.998,3.18,0.51,9.5,5
15.68,0.665,0.61,2.0,0.112,13.0,77.14,1.0,3.16,1.01,9.1,5
12.7,0.6,0.65,2.3,0.063,6.0,25.0,0.9997,3.03,0.57,9.9,5
12.0,0.93,0.76,4.2,0.066,7.0,38.0,0.99,3.22,0.6,13.0,7
13.08,0.735,0.02,7.9,0.34,68.0,124.0,0.9994,3.47,0.53,9.9,5
11.5,0.59,0.13,2.6,0.087,58.92,49.0,1.0,3.18,0.65,11.0,6
11.5,0.51,0.42,2.6,0.087,45.33,159.31,0.9988,3.5,0.65,11.0,6
8.7,0.765,0.04,2.3,0.064,9.0,42.0,0.9963,3.1,0.55,9.4,5
6.6,0.735,0.02,7.9,0.11,68.0,124.0,0.9994,3.47,1.99,9.9,5
7.7,0.26,0.73,1.7,0.13,20.0,38.0,0.9949,3.29,0.47,10.8,6
9.0,0.45,0.54,8.07,0.085,19.0,64.0,1.0,3.16,0.61,10.5,6
11.4,0.6,0.49,2.7,0.07,23.92,41.0,0.9994,3.15,0.63,10.5,6
7.7,0.95,0.05,2.7,0.075,15.0,27.0,1.0,3.26,1.78,11.8,5
8.99,1.17,0.46,12.28,0.059,11.0,25.0,0.99,3.12,0.76,10.1,6
9.8,0.44,0.47,2.5,0.063,46.99,28.0,0.9981,3.24,0.65,10.8,6
12.0,0.39,0.39,3.0,0.5,12.0,30.0,0.9996,3.18,0.63,10.8,7
10.4,0.34,0.58,3.7,0.174,6.0,16.0,0.997,3.19,0.7,11.63,6
12.5,0.43,0.06,4.5,0.07,25.52,49.0,0.9981,3.05,0.57,9.6,4
9.0,0.43,0.34,2.5,0.08,26.0,86.0,1.0,3.38,0.62,13.6,6
9.1,0.45,0.32,3.9,0.29,23.0,56.85,0.9987,3.59,0.62,9.5,5
7.1,0.735,0.22,13.87,0.1,15.0,29.57,0.9966,3.27,0.55,13.53,5
9.9,0.4,0.53,2.84,0.097,6.0,19.0,1.0,3.25,0.82,11.7,7
8.8,0.52,0.34,2.7,0.087,24.0,122.0,0.9982,3.82,1.1,9.5,5
8.6,0.725,0.24,8.37,0.29,12.06,134.0,1.0014,3.32,1.07,9.3,5
10.6,0.98,0.64,7.05,0.111,6.0,20.0,0.99,3.26,0.66,11.7,6
7.0,0.58,0.12,1.9,0.091,34.0,124.0,0.9956,3.45,1.41,10.5,5
11.9,0.38,0.79,2.0,0.121,24.4,20.0,1.0,3.6,0.76,10.4,6
6.8,0.77,0.0,1.8,0.066,54.86,52.0,0.99,3.09,1.34,9.9,5
12.76,0.56,0.33,2.4,0.08900000000000001,35.0,67.0,0.9972,3.28,0.73,11.8,7
6.6,0.84,0.03,2.3,0.059,24.66,48.0,0.99,3.52,0.56,12.3,7
7.7,0.96,0.2,12.8,0.047,15.0,60.0,1.0,3.36,0.44,10.9,5
10.5,0.24,0.53,2.1,0.066,6.0,226.12,0.9978,3.05,0.9,11.0,7
7.7,0.96,0.2,2.0,0.047,15.0,177.27,0.9955,3.6,0.44,10.9,5
9.1,0.84,0.03,2.3,0.04,32.0,48.0,0.9952,3.62,1.76,13.4,7
13.33,0.67,0.13,2.1,0.49,19.0,48.0,0.9949,3.49,0.42,11.4,6
11.82,1.23,0.22,4.21,0.077,6.0,32.0,0.9988,3.17,1.74,9.0,6
9.1,0.52,0.19,1.3,0.07,9.0,30.0,0.9978,3.24,0.71,11.78,5
11.71,0.84,0.63,13.31,0.08800000000000001,13.0,35.0,0.9997,3.1,0.48,10.4,6
14.73,0.24,0.47,2.1,0.066,6.0,228.36,0.9978,3.15,0.9,11.0,7
4.69,0.55,0.35,11.51,0.07400000000000001,21.0,66.0,0.9974,3.58,0.56,9.2,5
11.9,0.37,0.69,2.3,0.56,51.88,24.0,0.9958,3.0,0.65,12.8,6
5.28,0.39,0.63,2.3,0.091,6.0,18.0,0.99,3.16,0.49,11.6,5
10.4,1.34,0.55,3.2,0.37,22.0,54.0,0.9996,3.69,0.89,9.9,6
7.22,0.39,0.63,9.74,0.091,6.0,18.0,0.99,3.16,0.49,9.5,5
8.0,0.67,0.3,2.0,0.06,38.0,62.0,0.99,3.26,0.56,10.2,6
11.1,0.45,0.73,1.66,0.15,6.0,145.88,1.0,3.17,0.66,11.2,6
10.4,0.41,0.55,9.33,0.076,22.0,54.0,1.0,3.15,1.98,9.9,6
14.74,0.62,0.18,1.5,0.39,7.0,155.16,0.9951,3.08,0.6,12.46,5
12.6,0.31,0.72,2.2,0.07200000000000001,6.0,29.0,0.9987,3.29,0.82,9.8,8
11.9,0.4,0.65,2.15,0.068,18.01,27.0,1.0,3.06,0.68,11.3,6
15.6,0.685,0.39,3.7,0.1,6.0,258.14,1.0032,3.42,0.68,11.2,7
10.0,0.44,0.49,12.29,0.56,11.0,19.0,0.9963,3.23,0.63,11.6,7
5.3,0.57,0.9,1.7,0.054000000000000006,5.0,27.0,1.0,3.57,1.13,12.5,7
11.37,0.66,0.1,2.1,0.079,6.0,51.71,0.9986,3.23,0.56,10.1,6
11.99,1.17,0.23,6.75,0.46,31.0,72.0,0.9996,3.1,0.73,10.5,5
9.3,0.48,0.17,9.92,0.09,6.0,16.0,0.9968,3.22,0.72,11.2,5
8.6,0.53,0.45,2.0,0.1,7.0,27.0,0.9967,3.2,0.56,9.81,6
11.9,0.39,0.7,2.8,0.095,17.0,35.0,0.9994,3.1,0.61,10.8,6
11.9,0.39,0.69,2.8,0.095,17.0,35.0,0.9994,3.1,0.61,10.8,6
8.4,0.37,0.53,1.8,0.413,9.0,26.0,1.0,3.06,1.06,9.1,6
6.8,1.12,0.03,1.7,0.15,18.0,35.0,1.0,3.44,0.63,10.0,6
10.4,0.33,0.63,6.01,0.084,5.0,22.0,0.9998,3.26,0.74,11.2,7
7.54,0.52,0.4,1.88,0.11,21.0,67.0,1.0,3.5,0.63,11.1,5
11.3,0.62,0.67,5.54,0.086,6.0,215.51,0.9988,3.5,0.69,13.4,8
8.9,0.59,0.39,4.43,0.41,5.0,22.0,0.9986,3.37,0.58,10.3,5
9.2,0.63,0.21,2.7,0.097,32.38,156.4,1.0,3.28,0.58,9.6,5
10.4,0.33,0.43,2.8,0.084,5.0,22.0,1.0,3.29,0.74,11.2,7
11.6,0.58,0.66,2.2,0.15,30.03,98.45,1.0008,3.98,1.95,9.0,3
9.2,0.43,0.98,2.3,0.083,14.0,142.21,0.9976,3.35,0.61,11.3,6
6.29,0.615,0.22,2.6,0.087,6.0,19.0,0.9982,3.26,0.61,9.3,5
11.91,0.26,0.68,2.55,0.085,66.38,25.0,0.997,3.18,1.69,11.8,5
8.1,0.66,0.7,2.2,0.37,25.0,129.0,0.99,3.08,0.53,9.0,5
7.04,0.315,0.54,7.19,0.084,5.0,15.0,1.0,2.98,1.76,11.33,6
10.0,0.29,0.4,2.9,0.098,3.29,26.0,0.99,2.9,0.91,9.7,5
10.3,0.5,0.47,2.0,0.33,21.0,51.0,0.9982,3.16,0.72,11.5,6
8.8,1.28,0.44,2.6,0.065,7.0,207.95,1.0,3.43,0.79,14.0,6
11.4,0.36,0.69,14.37,0.09,6.0,131.39,1.0,3.17,0.62,9.2,6
6.17,0.82,0.6,2.23,0.07,34.13,48.0,0.9952,3.2,0.58,9.8,5
8.73,1.33,0.65,2.6,0.093,28.15,47.0,0.9996,3.05,0.61,10.6,5
13.63,1.39,0.42,2.4,0.081,25.0,52.0,1.0,3.2,0.71,11.4,6
12.5,1.56,0.55,2.6,0.57,44.82,68.0,1.0,3.95,0.82,10.4,6
9.9,0.35,0.55,2.1,0.062,5.0,14.0,0.9971,3.26,0.79,10.6,5
10.5,0.28,0.38,1.7,0.42,10.0,24.0,1.0,3.88,0.89,13.72,6
9.6,1.29,0.24,2.2,0.087,5.0,28.0,0.9988,3.14,0.6,10.2,5
9.3,0.27,0.41,2.0,0.091,43.82,16.0,0.99,3.14,0.7,9.7,5
6.61,0.24,0.49,8.87,0.075,6.0,20.0,0.9977,3.18,1.06,11.0,6
9.6,0.32,0.24,2.2,0.087,5.0,28.0,0.9988,3.14,0.6,10.2,5
9.4,0.685,0.11,2.7,0.42,60.05,31.0,0.9984,3.19,0.7,10.1,6
6.32,1.1,0.39,15.5,0.069,6.0,23.0,1.0026,3.12,0.66,9.2,5
9.4,0.64,0.56,2.8,0.08,6.0,73.11,0.9964,2.98,0.92,11.53,8
10.6,0.84,0.59,2.2,0.152,6.0,18.0,1.0,3.34,1.05,12.01,5
10.6,0.36,0.81,2.2,0.152,7.0,18.0,0.9986,3.04,1.06,9.4,5
10.6,1.33,0.68,4.1,0.114,69.29,22.56,1.0,3.06,0.66,13.4,6
10.2,0.67,0.39,11.2,0.06,6.0,17.0,0.9976,3.48,0.47,10.0,5
10.2,0.67,0.39,1.9,0.49,3.75,17.0,0.9976,3.17,0.47,9.17,5
10.2,0.645,0.36,1.8,0.053,5.0,14.0,1.0,3.17,0.66,13.28,6
4.78,0.32,0.55,2.8,0.42,35.0,67.0,1.0002,3.32,0.92,11.95,7
9.3,0.39,0.4,6.91,0.073,10.0,26.0,0.9984,3.34,0.76,10.34,6
9.3,0.775,0.27,2.8,0.37,24.0,218.78,0.9984,3.31,0.67,10.6,6
9.2,0.41,0.4,2.5,0.55,49.58,273.2,0.99,3.34,1.85,13.3,7
15.68,0.4,0.51,2.6,0.39,13.0,27.0,0.995,3.91,0.9,13.4,7
8.7,0.69,0.31,3.0,0.36,11.44,81.0,1.0,3.48,0.74,11.6,6
6.5,0.41,0.84,8.3,0.051,28.0,91.0,0.9952,3.44,0.55,8.58,6
10.7,0.35,0.53,2.6,0.07,5.0,16.0,0.9972,3.15,0.5,11.0,8
7.8,0.52,0.25,1.9,0.081,14.0,38.0,0.9984,3.43,0.65,9.0,6
7.2,0.34,0.32,2.5,0.17,43.0,113.0,0.9966,3.32,0.79,10.2,5
10.7,0.35,0.93,14.79,0.07,5.0,266.04,0.9972,3.15,0.65,11.0,8
8.7,0.19,0.31,10.47,0.31,15.79,139.19,1.0002,2.79,0.74,9.0,6
7.8,0.52,0.71,3.41,0.081,14.0,141.58,1.0,3.85,0.96,9.0,6
10.4,0.44,0.73,6.55,0.5,38.0,135.09,0.999,3.97,0.78,12.0,7
12.06,0.44,0.85,6.55,0.07400000000000001,38.0,116.82,0.999,3.17,0.85,12.0,7
10.5,0.26,0.47,1.9,0.078,6.0,24.0,0.9976,3.18,1.04,14.03,7
13.86,0.24,0.42,1.8,0.25,9.09,22.0,0.9976,3.36,1.05,10.8,7
10.2,1.04,0.63,2.9,0.6,10.0,26.0,0.9968,3.16,0.78,11.68,7
7.44,0.24,0.46,1.8,0.075,6.0,21.0,0.9976,3.25,1.02,11.11,7
11.2,0.67,0.55,2.3,0.084,6.0,132.1,1.0,3.17,0.71,9.5,6
10.0,0.59,0.31,2.2,0.09,26.0,62.0,0.9994,3.18,0.63,10.2,6
13.3,0.29,0.75,2.8,0.084,58.71,43.0,0.99,3.04,0.68,10.18,7
12.4,0.42,0.49,4.6,0.23,19.0,43.0,0.9978,3.02,0.61,9.5,5
11.83,0.59,0.31,10.1,0.09,66.37,209.44,0.99,3.18,0.42,10.2,6
10.7,0.91,0.76,2.1,0.125,15.0,49.0,0.998,2.8,0.57,9.7,6
10.5,0.51,0.64,9.88,0.12,6.0,124.55,0.9973,3.09,1.36,11.8,7
10.5,0.51,0.64,2.4,0.28,6.0,15.0,0.9973,3.09,0.66,14.5,7
8.5,0.655,0.49,13.6,0.122,55.65,151.0,0.99,3.31,0.64,9.3,5
12.5,0.6,0.49,5.25,0.1,5.0,147.72,1.001,3.25,0.81,11.9,6
10.4,0.8,0.49,15.14,0.02,5.0,178.13,0.9994,3.16,0.63,8.4,3
10.9,0.21,0.71,2.8,0.08800000000000001,11.0,32.0,0.9972,3.22,0.68,11.7,6
7.3,0.365,0.49,2.5,0.08800000000000001,39.0,106.0,0.9966,3.36,0.78,12.07,5
12.01,0.25,0.49,2.56,0.08800000000000001,15.0,33.0,0.9982,3.42,1.25,8.67,6
7.6,0.63,0.86,2.0,0.11,16.0,43.0,0.998,3.48,0.88,9.1,5
8.2,0.58,0.49,2.3,0.1,47.0,133.0,0.9979,2.79,0.99,9.8,5
9.3,0.4,0.49,5.24,0.085,28.78,142.0,1.0,3.26,0.55,9.4,5
15.25,0.43,0.49,2.4,0.086,7.23,72.68,1.0,3.82,0.64,9.5,5
10.4,0.64,0.99,2.8,0.105,29.0,53.0,0.9998,3.24,0.67,9.9,5
7.3,0.365,0.49,2.5,0.08800000000000001,68.94,106.0,0.9966,3.36,0.78,11.0,5
7.0,0.45,0.49,2.5,0.097,33.0,84.25,1.0,3.39,0.77,11.4,6
8.2,0.42,0.79,2.6,0.084,32.0,55.0,0.9988,3.34,0.75,8.7,6
9.9,0.63,0.24,7.78,0.4,6.0,114.85,1.0,3.09,1.82,9.4,5
11.75,0.22,0.24,2.1,0.078,1.0,28.0,0.999,3.41,0.81,9.28,6
11.9,0.38,0.49,2.7,0.098,12.0,42.0,1.0004,3.16,0.61,10.3,5
10.42,0.38,0.49,15.44,0.12,12.0,42.0,1.0,3.16,1.17,10.13,5
10.3,0.27,0.24,5.24,0.31,65.45,33.0,0.9956,3.22,0.66,12.8,6
10.0,0.48,0.24,1.42,0.102,13.0,248.04,1.0,3.87,0.56,9.5,6
9.1,1.5,0.24,2.1,0.078,1.0,28.0,0.999,3.41,0.87,10.3,6
9.9,0.63,0.47,2.4,0.077,6.0,33.0,1.0,3.09,0.57,11.56,5
8.1,0.825,0.24,2.1,0.084,15.35,13.0,0.9972,3.37,0.77,10.7,6
12.9,0.35,0.49,5.8,0.066,5.0,35.0,1.0,3.2,0.66,12.0,7
11.2,0.5,0.3,5.15,0.1,5.0,17.0,0.9996,3.22,0.62,11.2,5
9.2,0.59,0.29,3.3,0.101,52.45,47.0,0.9988,3.26,1.46,9.6,5
9.5,0.46,0.49,6.3,0.064,49.54,259.8,0.9988,3.21,0.73,9.61,6
9.3,0.715,0.24,2.1,0.12,5.0,20.0,0.9966,3.12,0.59,9.9,5
11.2,0.66,0.24,2.5,0.085,6.11,53.0,0.9993,3.51,1.89,13.52,6
14.3,0.31,0.74,1.8,0.36,14.77,15.0,1.0008,2.86,0.79,8.4,6
4.85,0.47,0.49,9.04,0.094,38.0,44.89,1.0,3.08,1.94,9.1,5
15.11,0.55,0.24,2.4,0.078,25.48,244.54,0.9983,3.45,0.78,9.5,6
10.6,0.31,0.49,7.76,0.52,6.0,21.0,0.9987,3.26,1.59,10.7,6
15.39,1.33,0.49,2.6,0.079,54.35,69.0,0.9994,3.12,0.75,10.4,6
9.0,0.53,0.49,1.9,0.171,6.0,25.0,0.9975,3.27,0.91,9.4,6
6.8,0.68,0.01,2.1,0.11,9.0,25.0,0.9958,3.26,1.1,10.73,6
9.4,0.43,0.24,2.8,0.22,14.0,45.0,0.998,3.03,0.73,10.0,6
9.5,0.46,0.24,2.7,0.55,63.29,44.0,1.0,3.12,0.74,10.0,6
5.0,0.46,0.24,1.6,0.05,32.0,96.0,0.9934,3.74,0.62,11.5,5
15.5,0.645,0.49,10.55,0.095,10.0,23.0,0.99,2.92,1.97,11.1,5
15.5,0.645,0.49,4.2,0.095,10.0,23.0,0.99,2.92,0.74,10.25,5
10.9,0.53,0.49,4.6,0.57,10.0,17.0,1.0002,3.92,0.56,11.7,6
15.6,0.645,0.49,4.2,0.095,19.25,85.86,1.00315,3.74,0.74,10.16,5
11.86,0.53,0.46,4.6,0.118,48.66,208.42,1.0002,3.87,1.53,11.7,6
13.0,0.47,0.49,1.55,0.085,6.0,47.0,1.0021,3.3,0.68,12.7,6
12.7,0.6,0.49,2.8,0.075,5.0,9.2,1.0,3.14,0.57,11.4,5
9.0,0.44,0.49,5.59,0.078,8.24,121.0,0.9978,3.23,0.58,9.2,5
9.0,0.54,0.53,2.9,0.094,41.0,110.0,0.9982,3.08,0.61,9.2,5
7.6,0.29,0.49,2.7,0.42,25.0,60.0,0.9971,3.31,0.61,10.1,6
13.0,0.2,0.49,4.3,0.085,6.0,47.0,0.99,3.3,0.68,12.7,6
12.7,0.45,0.81,10.7,0.08,5.0,19.0,0.9994,3.14,0.57,8.96,5
9.16,0.7,0.24,7.42,0.226,5.0,15.0,0.9991,3.32,0.6,9.0,6
8.7,0.7,0.24,2.5,0.47,4.29,15.0,0.9991,3.32,0.6,9.0,6
9.8,0.5,0.49,7.46,0.25,5.0,20.0,1.0,3.31,0.79,9.18,6
13.27,0.36,0.49,12.4,0.095,63.82,42.0,0.9946,3.85,0.57,9.88,6
11.5,0.35,0.23,3.3,0.07,10.0,37.0,1.0003,3.32,0.91,10.26,6
6.2,0.47,0.24,2.2,0.095,19.0,42.0,0.9946,3.57,0.57,11.7,6
10.2,0.24,0.49,3.44,0.075,10.0,28.0,0.99,4.01,1.5,13.57,5
10.5,0.59,0.49,5.66,0.48,14.0,47.0,1.0,3.3,0.56,14.14,4
10.6,0.34,0.49,3.2,0.078,18.78,78.0,0.9992,3.19,0.7,10.0,6
12.3,0.27,0.94,3.1,0.079,34.21,46.0,1.0,3.2,0.8,14.76,6
9.9,0.5,0.08,2.3,0.103,6.0,14.0,0.9978,3.53,0.58,10.0,4
15.39,0.44,0.49,2.8,0.083,27.13,111.0,1.0,3.3,0.6,9.5,5
8.8,0.47,0.49,12.81,0.19,17.0,110.0,0.99,3.29,0.6,9.8,5
10.6,0.31,0.49,2.2,0.063,18.0,105.96,1.0,3.14,0.51,13.14,6
12.3,0.71,0.49,2.2,0.41,5.0,14.0,1.0002,3.19,0.44,9.6,5
12.3,0.38,0.49,2.2,0.34,66.0,190.88,1.0002,3.19,0.44,9.6,5
14.77,0.49,0.49,2.2,0.21,32.56,15.0,1.0,3.19,1.27,9.2,5
12.0,0.28,0.49,1.9,0.07400000000000001,10.0,21.0,0.9976,3.38,1.51,9.9,7
11.8,0.33,0.49,3.4,0.13,54.0,100.83,1.0002,3.3,0.84,9.17,7
7.6,0.51,0.24,13.03,0.091,8.0,38.0,0.998,3.47,1.08,9.6,6
13.49,0.31,0.49,2.7,0.094,16.0,150.67,0.9986,3.12,1.02,10.6,7
7.3,0.55,0.24,1.9,0.108,18.0,102.0,1.0,2.84,0.59,9.3,5
15.36,0.42,0.24,2.0,0.06,19.0,50.0,0.9917,2.9,0.74,14.33,8
10.2,1.24,0.49,2.6,0.33,5.0,13.0,0.9976,3.05,0.74,10.5,7
9.0,0.45,0.57,2.6,0.084,21.0,75.0,0.9987,3.35,0.57,9.7,5
10.71,0.96,0.49,1.7,0.07,66.46,149.0,0.9922,3.82,0.5,11.5,6
11.27,1.09,0.86,2.6,0.084,21.0,75.0,0.9987,3.35,0.57,9.7,5
9.9,0.49,0.58,3.5,0.094,9.0,43.0,1.0004,3.29,0.58,9.0,5
7.9,0.72,0.17,2.6,0.19,26.2,186.81,1.0,3.4,0.53,9.5,5
8.9,0.595,0.41,7.9,0.086,47.53,109.0,0.9998,3.9,0.57,9.3,5
12.4,0.4,0.09,2.0,0.059,8.23,24.0,0.9994,3.04,0.47,9.3,6
11.9,0.58,0.58,1.9,0.02,5.0,124.1,1.0,3.09,0.63,10.0,6
15.34,0.585,0.75,2.1,0.56,46.89,30.0,0.9967,3.2,0.48,9.8,6
12.7,0.59,0.45,2.3,0.37,40.37,22.0,1.0,2.8,0.7,9.3,6
8.2,0.915,0.27,2.1,0.08800000000000001,7.0,23.0,0.9962,2.99,0.47,10.0,4
13.2,0.46,0.52,2.2,0.071,12.0,35.0,1.0006,3.1,1.09,12.36,6
7.7,0.59,0.32,2.6,0.081,6.0,225.02,0.9975,3.3,1.88,9.3,5
13.2,0.46,0.52,6.96,0.48,12.0,230.25,1.0006,3.1,0.56,9.0,6
8.3,1.52,0.13,13.18,0.096,14.0,125.31,0.9984,3.7,0.62,9.1,6
6.83,0.6,0.44,5.11,0.085,30.49,24.0,0.9984,3.61,0.59,9.2,6
6.57,0.41,0.48,4.6,0.4,10.0,159.54,0.9973,3.34,0.47,12.2,7
8.8,1.29,0.41,6.14,0.092,26.0,170.97,0.9982,3.31,0.53,10.5,6
9.68,0.65,0.37,5.1,0.11,11.0,228.38,1.0,3.32,0.64,10.4,6
6.3,0.36,0.19,3.2,0.075,15.0,39.0,0.9956,3.56,0.52,12.7,6
8.8,1.08,0.54,2.5,0.083,25.0,57.0,0.9983,3.54,0.84,9.2,5
13.2,0.63,0.55,2.7,0.081,28.32,16.0,1.0,2.98,0.54,9.4,5
7.5,0.64,0.55,2.4,0.077,18.0,110.66,0.9965,3.32,0.6,10.0,6
8.2,1.51,0.38,1.5,0.058,10.0,29.0,0.9962,3.26,0.74,9.8,5
14.46,0.85,0.18,2.2,0.14800000000000002,10.0,103.0,0.99,2.78,1.36,10.2,6
9.6,0.6,0.5,12.84,0.32,28.0,71.0,0.9997,3.5,0.57,9.7,5
13.11,1.37,0.92,13.89,0.079,28.0,115.51,0.9997,3.5,0.57,9.7,5
11.5,0.31,0.51,2.2,0.079,39.02,28.0,1.0,3.03,0.93,9.8,6
11.4,0.46,0.5,2.7,0.122,6.0,95.96,1.0006,3.13,0.7,12.72,5
11.3,1.22,0.57,2.3,0.08800000000000001,6.0,19.43,0.9988,3.09,0.8,9.3,5
8.3,0.54,0.1,3.4,0.41,41.81,112.0,0.9976,3.27,0.61,9.4,5
8.2,0.56,0.23,7.68,0.16,14.0,104.0,0.9976,3.73,0.62,9.4,5
10.0,0.58,0.22,8.42,0.08,50.13,32.0,0.9974,3.13,0.55,9.5,5
7.9,1.54,0.25,2.9,0.077,21.0,45.0,0.9974,3.49,0.96,12.1,6
6.8,0.69,0.0,5.6,0.124,21.0,58.0,0.9997,3.46,0.72,10.2,5
6.8,0.69,0.0,5.6,0.23,21.0,58.0,0.9997,3.46,0.72,10.2,5
8.8,1.39,0.97,2.2,0.3,5.0,15.0,0.9988,3.46,0.49,9.1,5
8.8,0.6,0.29,2.2,0.098,5.0,15.0,0.9988,3.36,0.49,9.1,5
8.7,0.54,0.26,2.5,0.44,40.37,31.0,0.9976,3.05,0.6,9.3,6
7.6,0.685,0.23,2.3,0.03,20.0,84.0,1.0,3.21,0.61,11.47,5
8.7,0.54,0.41,2.5,0.097,7.0,31.0,0.9976,3.27,0.6,9.3,6
14.05,0.28,0.92,2.7,0.105,5.0,19.0,1.0,3.25,0.63,9.5,5
7.6,0.41,0.14,3.0,0.087,21.0,43.0,1.0,3.32,0.57,10.5,6
10.1,0.935,0.22,3.4,0.105,11.0,86.0,1.001,3.43,2.0,11.3,4
7.9,0.35,0.92,1.84,0.073,46.0,226.69,0.9964,3.27,0.72,9.5,5
8.7,0.84,0.19,5.49,0.065,66.01,33.0,0.9954,3.27,0.72,9.7,5
8.54,0.88,0.28,2.4,0.086,30.0,147.0,0.9979,3.24,1.87,9.4,5
13.67,0.885,0.27,2.3,0.45,31.0,145.0,1.0,3.24,0.34,9.4,5
7.7,0.915,0.12,2.2,0.14300000000000002,7.0,23.0,0.99,3.35,1.88,14.82,7
8.9,0.29,0.35,1.9,0.067,25.0,140.9,0.997,3.01,1.36,10.3,6
9.9,1.51,0.45,2.3,0.071,16.0,40.0,1.0,3.39,1.03,9.4,5
9.09,1.28,0.44,2.3,0.071,40.17,68.0,0.9992,3.46,0.63,9.5,5
9.9,0.54,0.45,12.94,0.071,16.0,40.0,1.0,3.72,1.55,9.4,5
9.5,0.42,0.35,2.3,0.071,63.05,68.0,0.9992,3.46,0.63,9.5,5
9.9,1.43,0.45,2.3,0.071,57.29,65.81,0.99,3.39,0.62,9.4,5
12.26,1.34,0.1,6.0,0.115,67.77,11.0,1.0,3.37,1.51,14.26,7
15.02,0.67,0.89,2.59,0.107,6.0,20.0,0.9972,3.4,1.27,10.1,5
8.3,1.03,0.98,10.02,0.4,5.0,136.56,0.9967,3.46,1.72,11.0,4
8.7,0.48,0.3,2.8,0.066,60.28,28.0,0.99,3.33,0.67,12.72,7
6.7,0.42,0.27,8.6,0.068,24.0,148.0,0.9948,3.16,0.67,11.3,6
10.7,0.43,0.39,2.2,0.52,8.0,32.0,0.9986,2.89,0.5,9.6,5
12.79,0.88,0.25,2.5,0.55,35.0,155.0,1.001,3.41,0.67,13.95,5
15.9,0.36,0.65,7.5,0.096,22.0,105.47,0.9976,3.44,1.98,14.9,5
9.4,0.33,0.59,2.8,0.079,9.0,30.0,0.99,3.75,0.54,12.0,6
8.6,1.57,0.47,14.49,0.07400000000000001,7.0,29.0,0.9979,3.7,0.46,9.5,5
9.7,0.55,0.17,2.9,0.087,20.0,53.0,1.0004,2.91,0.49,9.9,5
12.95,0.43,0.39,2.2,0.106,8.0,270.11,0.9986,2.89,0.5,9.6,5
12.0,1.05,0.53,1.4,0.073,23.0,119.89,0.998,2.92,0.68,10.5,7
14.43,0.52,0.31,1.4,0.07400000000000001,5.0,20.0,0.9973,3.32,0.81,9.6,6
9.85,0.84,0.03,4.4,0.096,4.34,13.0,0.997,3.41,0.57,10.2,4
7.2,0.52,0.07,1.4,0.07400000000000001,5.0,20.0,0.9973,3.32,0.81,9.6,6
7.5,1.49,0.31,6.97,0.08,41.0,42.0,0.99,3.31,0.64,9.0,5
7.2,0.57,0.06,1.6,0.1,23.89,27.0,0.9972,3.91,1.37,9.6,6
10.1,0.2,0.46,1.8,0.05,5.0,13.0,0.9974,3.14,0.79,10.2,6
12.1,0.4,0.66,2.0,0.092,15.0,54.0,1.0,3.3,0.98,10.0,5
11.82,0.59,0.62,5.63,0.084,13.46,153.23,0.9981,3.14,1.33,11.98,5
8.3,0.49,0.36,1.8,0.222,6.0,16.0,0.998,3.18,0.6,9.5,6
11.3,0.34,0.45,2.0,0.08199999999999999,6.0,15.0,0.9988,2.94,1.57,9.2,6
10.0,0.73,0.99,13.71,0.059,15.0,31.0,0.9966,3.15,0.63,11.0,5
9.74,0.34,0.17,2.0,0.08199999999999999,4.92,264.51,0.9988,3.02,0.66,9.11,6
6.9,0.4,0.24,13.01,0.33,30.0,262.52,1.0,3.26,0.58,10.0,5
8.2,0.73,0.21,1.7,0.05,5.0,13.0,0.9968,3.2,0.52,9.5,5
10.5,0.78,0.34,2.0,0.079,70.23,151.0,0.998,3.15,0.53,9.5,5
8.2,0.31,0.21,1.7,0.07400000000000001,5.0,13.0,1.0,3.2,0.52,9.5,5
10.8,0.4,0.41,2.2,0.084,7.0,17.0,0.9984,3.08,1.77,9.3,6
9.3,0.41,0.39,2.2,0.064,12.41,31.0,0.9984,3.26,0.65,10.2,5
10.8,0.4,0.41,2.2,0.37,7.0,17.0,0.9984,2.77,0.67,9.3,6
8.6,0.8,0.11,11.13,0.084,12.0,196.61,0.9979,3.4,0.48,9.9,5
8.3,0.78,0.1,2.6,0.081,61.78,87.0,0.99,3.48,1.82,11.05,5
10.8,1.04,0.45,3.3,0.06,20.0,162.33,0.9972,3.13,0.54,9.6,5
13.3,0.43,0.58,1.9,0.07,15.0,40.0,1.0004,3.06,0.87,9.0,5
8.0,0.45,0.23,2.2,0.094,54.76,29.0,0.9962,3.21,0.71,10.2,6
8.5,0.46,0.31,2.25,0.078,32.0,58.0,0.998,2.86,0.54,9.8,5
8.1,0.78,0.75,2.6,0.059,5.0,229.14,1.0,3.37,0.56,11.3,5
9.8,0.21,0.77,2.3,0.078,33.1,80.67,0.99,3.25,0.48,9.4,5
8.1,0.78,0.23,2.6,0.059,5.0,154.73,0.997,3.37,0.56,11.3,5
6.25,0.65,0.18,1.8,0.07,13.0,178.79,0.997,3.77,0.6,9.1,5
9.1,0.64,0.23,3.1,0.095,13.0,38.0,1.0,3.56,0.59,9.7,5
7.7,1.22,0.04,13.12,0.039,4.0,9.0,0.9962,3.4,1.54,9.4,5
14.54,0.6,0.48,1.8,0.157,46.73,17.0,0.9976,3.3,1.05,9.4,5
7.4,1.185,0.91,2.76,0.097,68.3,14.0,0.9966,3.63,0.54,10.7,3
9.2,0.45,0.24,2.6,0.087,12.0,192.12,0.9998,3.48,1.39,9.8,5
8.6,1.27,0.51,5.11,0.422,16.0,254.12,1.0,3.03,1.3,9.0,5
11.65,0.48,0.32,2.8,0.25,52.07,167.73,0.9984,3.32,0.62,9.4,5
9.0,0.47,0.84,13.49,0.44,70.67,79.83,0.9984,3.31,0.61,9.4,5
5.1,0.47,0.54,1.3,0.034,29.92,28.03,0.9921,3.9,1.43,12.8,6
7.0,0.65,0.5,2.1,0.066,8.0,25.0,1.0,3.47,0.67,9.5,6
14.41,0.65,0.02,2.1,0.6,8.0,249.76,0.9972,3.47,0.67,9.5,6
9.4,0.615,0.19,3.2,0.35,18.0,72.0,1.0001,3.31,0.47,9.7,5
8.81,1.45,0.53,14.33,0.071,5.0,19.0,0.9986,3.11,0.62,10.8,6
6.04,1.42,0.43,2.9,0.31,26.0,175.86,0.9984,2.84,0.57,10.1,6
7.0,0.44,0.02,2.1,0.066,8.0,25.0,1.0,3.47,0.67,9.5,6
7.0,0.64,0.24,4.63,0.067,9.0,23.0,0.997,3.47,1.55,9.4,6
12.34,0.85,0.48,2.6,0.073,23.51,31.82,0.9972,3.32,0.44,9.6,4
9.1,0.765,0.04,1.6,0.078,4.0,14.0,0.99,3.92,0.44,9.7,4
13.62,1.035,0.15,6.0,0.073,11.0,54.0,0.999,3.37,0.65,9.9,5
7.0,0.78,0.08,4.98,0.093,10.0,19.0,0.9956,3.22,0.47,9.48,5
7.4,0.49,0.19,3.0,0.077,16.0,37.0,0.9966,3.37,1.94,10.5,5
7.8,0.545,0.27,2.5,0.068,49.83,35.0,0.996,3.34,1.78,12.23,6
9.7,0.7,0.71,11.77,0.062,13.0,33.0,0.9983,3.27,0.47,10.11,6
10.6,1.025,0.43,2.8,0.08,21.0,84.0,0.9985,3.06,1.31,8.89,5
5.04,0.565,0.04,1.12,0.44,16.0,112.0,1.0,3.38,0.61,8.67,5
8.7,0.69,0.0,3.2,0.084,13.0,113.73,0.9992,3.36,1.38,9.4,5
4.8,0.43,0.55,9.03,0.075,10.0,48.0,0.99,3.34,1.05,9.4,5
9.9,0.74,0.28,2.6,0.078,21.0,12.52,1.0,3.28,0.51,9.8,5
7.2,1.45,0.18,2.7,0.069,13.0,34.0,1.0,3.29,0.78,9.15,6
8.0,0.85,0.43,2.3,0.075,10.0,48.0,0.9976,3.72,0.46,9.4,5
5.88,0.46,0.11,11.2,0.23,64.71,49.0,0.9968,3.21,0.57,10.0,5
8.4,0.99,0.65,2.0,0.39,10.0,22.0,0.9976,3.22,0.44,9.6,5
5.09,0.66,0.0,5.88,0.086,17.0,59.9,0.99,3.46,0.54,9.5,5
8.4,0.56,0.04,2.0,0.08199999999999999,10.0,22.0,0.9976,3.22,0.44,9.6,5
8.9,0.48,0.24,2.85,0.094,35.0,106.0,0.9982,3.86,0.53,9.2,5
14.87,0.42,0.08,2.7,0.084,15.0,249.37,1.0,3.21,0.59,11.49,5
7.1,0.31,0.65,2.2,0.053,36.0,247.23,0.9965,2.94,1.62,9.5,5
7.5,1.115,0.1,13.78,0.086,5.0,12.0,0.9958,3.38,1.36,11.74,4
10.02,0.35,0.17,3.0,0.077,5.0,13.0,0.9976,2.82,0.55,9.52,5
5.7,0.72,0.09,2.8,0.084,18.0,49.0,0.9994,3.43,1.61,11.1,6
7.68,0.57,0.02,5.82,0.067,4.0,11.0,0.997,2.88,0.68,9.5,5
6.4,0.57,0.02,7.47,0.067,4.0,11.0,1.0,3.46,0.68,9.5,5
6.4,0.31,0.14,3.2,0.071,27.0,127.37,0.995,2.93,0.49,12.7,6
9.5,0.55,0.66,2.3,0.387,21.43,37.0,0.9982,3.17,0.67,9.6,5
8.9,0.875,0.13,9.36,0.07,4.0,14.0,0.9994,3.44,1.55,11.5,5
7.3,0.835,0.87,1.13,0.12,10.0,19.0,0.9966,3.39,0.47,9.6,5
7.0,0.9,0.34,2.7,0.08199999999999999,16.0,171.87,0.998,3.68,0.6,9.5,5
7.7,0.7,0.57,2.0,0.57,59.02,39.0,0.9987,3.48,0.62,9.3,5
7.7,0.965,0.1,2.1,0.112,11.0,22.0,0.9963,3.26,0.5,9.5,5
7.7,1.09,0.75,11.24,0.112,19.58,22.0,0.9963,3.26,1.7,13.3,5
8.2,0.59,0.0,3.76,0.11,19.0,104.77,1.0002,3.5,0.65,9.3,6
9.0,0.46,0.23,2.8,0.092,28.0,104.0,0.9983,3.1,0.56,9.2,5
9.0,0.69,0.0,2.4,0.08800000000000001,19.0,38.0,0.999,3.35,0.6,9.3,5
8.3,0.76,0.29,12.83,0.075,12.0,16.0,0.9965,3.45,0.68,11.5,6
9.2,0.53,0.37,2.6,0.6,13.67,86.46,0.99788,3.21,0.57,9.5,5
6.5,0.615,0.0,6.77,0.065,9.0,18.0,1.0,3.46,0.65,9.2,5
11.6,0.41,0.58,2.8,0.1,25.0,101.0,1.0,3.13,0.53,13.26,5
11.1,0.39,0.54,2.7,0.095,21.0,81.61,1.0001,3.13,0.51,9.5,5
7.3,0.51,0.18,2.1,0.07,12.0,28.0,0.99768,3.52,1.01,13.43,6
8.2,0.34,0.38,2.5,0.08,12.0,57.0,0.9978,3.3,0.47,9.0,6
8.6,0.33,0.4,2.6,0.14,16.0,57.3,0.99782,3.3,0.48,9.4,5
7.2,0.38,0.18,2.1,0.071,12.0,31.0,1.0,3.52,0.72,12.7,6
7.3,0.51,0.18,2.1,0.23,12.0,28.0,0.99768,3.52,0.73,9.5,6
8.3,0.65,0.1,2.9,0.08900000000000001,69.11,40.0,0.99803,3.29,0.55,9.5,5
8.3,0.65,0.38,2.9,0.47,17.0,40.0,0.99,2.84,0.55,9.5,5
7.6,0.51,0.13,2.5,0.097,24.0,26.4,0.99785,3.39,1.66,9.4,5
8.3,0.65,0.1,2.9,0.08900000000000001,17.0,40.0,0.99803,3.29,0.55,9.5,5
7.75,0.48,0.31,1.7,0.55,14.0,32.0,0.99656,3.09,1.97,12.29,6
7.8,0.91,0.07,1.9,0.058,22.0,47.0,0.99,3.2,0.43,9.5,6
6.3,0.98,0.01,2.0,0.18,15.0,33.0,0.99,3.6,0.46,11.2,6
8.1,1.52,0.0,6.45,0.084,10.0,61.06,0.99656,3.25,0.5,10.53,5
8.1,0.87,0.0,2.2,0.084,10.0,31.0,1.0,3.85,0.5,9.8,5
8.8,0.77,0.21,2.5,0.092,11.63,88.0,0.99823,3.19,0.85,9.2,5
9.0,0.18,0.25,2.8,0.075,9.0,104.0,0.99779,3.26,0.99,9.7,5
8.89,0.655,0.26,2.0,0.096,52.08,35.0,1.0,3.25,0.42,9.6,5
8.8,0.7,0.0,1.7,0.069,8.0,19.0,0.99701,3.31,0.53,10.0,6
8.1,0.655,0.32,2.0,0.096,5.0,35.0,0.99738,3.25,0.42,12.05,5
9.1,0.68,0.11,2.8,0.47,11.0,234.5,0.99888,3.31,0.55,9.5,6
9.2,0.67,0.1,3.0,0.091,12.0,48.0,0.99888,2.95,0.54,9.5,6
8.99,0.59,0.18,2.9,0.08900000000000001,12.0,74.0,0.99738,3.14,0.54,9.4,5
7.5,0.6,0.32,13.4,0.103,13.0,98.0,1.0,3.45,0.62,9.5,5
7.1,0.59,0.02,2.3,0.08199999999999999,24.0,94.0,0.99,3.55,0.53,9.3,6
7.68,0.51,0.01,1.9,0.27,59.98,32.0,0.99,3.39,0.54,9.6,5
7.1,0.59,0.02,2.3,0.08199999999999999,24.0,94.0,0.99744,3.55,0.53,9.7,6
9.4,0.685,0.26,2.4,0.08199999999999999,23.0,262.59,0.9978,3.28,1.65,11.16,5
9.5,0.7,0.33,2.3,0.49,23.0,144.0,0.99782,3.27,0.55,9.4,5
7.9,0.4,0.29,1.8,0.157,1.0,44.0,0.99,3.3,0.92,9.5,6
13.23,0.4,0.3,1.8,0.09,49.13,45.0,1.0,3.74,0.91,9.5,6
7.2,1.0,0.0,3.0,0.102,7.0,94.12,0.99,3.43,1.35,10.0,5
11.58,0.765,0.18,11.74,0.243,68.22,48.0,0.99612,3.97,0.6,10.3,6
6.9,0.635,0.17,2.4,0.241,6.0,37.45,0.9961,3.4,0.59,9.73,6
6.67,0.43,0.3,3.4,0.079,7.0,34.0,1.0,3.36,0.61,10.5,5
7.1,0.52,0.33,2.6,0.076,21.0,92.0,0.99,3.5,0.6,9.8,5
7.0,0.57,0.34,2.74,0.4,12.0,224.83,1.0,3.31,0.6,9.4,6
10.87,0.46,0.47,2.4,0.114,9.0,234.48,0.99732,3.66,0.65,12.14,5
15.8,0.82,0.05,2.4,0.081,26.0,258.69,1.0,3.36,0.53,10.0,5
6.5,0.46,0.14,2.4,0.114,9.0,37.0,0.99732,2.86,0.65,9.8,5
7.1,0.59,0.01,2.5,0.077,20.0,85.0,0.99746,3.55,0.59,9.8,5
9.9,0.35,0.41,2.3,0.083,11.0,152.7,0.9982,3.21,1.88,9.5,5
9.9,0.35,0.41,5.55,0.083,11.0,251.45,0.9982,3.95,0.5,8.85,5
10.0,0.56,0.24,4.56,0.079,19.0,58.0,0.9991,3.18,0.56,10.55,6
4.76,0.56,0.24,2.2,0.079,19.0,58.0,1.0,3.18,1.14,10.1,6
14.28,0.63,0.17,2.9,0.099,21.0,119.0,0.998,3.09,0.52,9.3,5
7.4,0.37,0.43,2.6,0.08199999999999999,43.89,82.0,0.99708,3.05,1.06,11.01,6
8.8,0.64,0.17,2.9,0.084,25.0,130.0,0.99818,3.23,1.05,9.6,5
9.93,1.32,0.02,6.13,0.081,17.0,87.0,0.99745,3.48,1.31,9.7,6
7.7,0.6,0.0,14.09,0.055,7.0,254.32,0.99639,3.37,1.64,10.8,5
10.1,0.27,0.54,2.3,0.065,7.0,100.38,1.0,3.95,0.67,12.5,6
13.02,0.89,0.3,2.6,0.132,11.84,60.0,0.99786,2.98,1.18,10.2,5
8.7,0.34,0.31,2.5,0.19,24.0,179.03,0.99746,3.73,1.39,9.6,5
15.21,0.28,0.44,1.6,0.038,21.0,100.88,1.0,3.24,0.81,10.8,7
9.4,0.65,0.34,5.88,0.08199999999999999,5.0,226.42,0.99,3.29,1.58,10.7,6
5.71,0.5,0.34,3.6,0.08199999999999999,48.67,191.56,0.9987,3.29,0.52,10.7,6
7.2,1.09,0.08,1.14,0.11,26.0,108.0,1.0,3.25,0.51,9.4,5
8.6,0.55,0.09,3.3,0.068,8.0,17.0,0.99735,4.0,0.44,10.0,5
5.1,0.585,0.97,1.7,0.044,7.62,86.0,0.99264,3.56,0.58,12.9,7
7.7,1.45,0.08,2.5,0.27,14.0,46.0,0.9971,3.24,0.42,11.54,6
8.4,0.52,0.22,2.7,0.42,4.0,18.0,1.0,3.79,1.08,9.9,6
8.2,0.28,0.99,12.42,0.052000000000000005,4.0,10.0,1.0,3.33,1.92,12.8,7
8.4,0.25,0.39,13.8,0.041,54.91,10.0,0.99386,3.27,0.71,12.5,7
8.2,0.28,0.4,2.4,0.052000000000000005,4.0,10.0,0.99356,3.84,0.7,12.8,7
7.4,0.53,0.12,1.9,0.165,4.0,12.0,0.99702,3.26,0.86,9.2,5
7.6,0.48,0.31,12.12,0.07,4.0,102.26,1.0,3.22,0.55,8.83,6
7.3,0.49,0.1,2.6,0.55,4.0,14.0,0.99562,3.33,0.9,10.5,5
12.9,0.5,0.55,2.8,0.07200000000000001,7.0,24.0,1.0,3.09,0.68,10.9,6
10.8,0.45,0.33,2.5,0.099,20.0,38.0,0.99818,3.24,0.71,10.8,5
6.9,0.39,0.24,9.05,0.102,4.0,61.79,0.99462,3.08,0.58,10.33,4
12.6,0.75,0.54,9.63,0.103,19.0,41.0,0.99939,3.13,0.76,11.3,6
6.9,0.34,0.33,5.88,0.099,20.0,38.0,0.99818,3.24,0.71,10.8,5
9.8,0.59,0.19,3.2,0.081,21.88,30.0,0.9984,3.23,0.58,10.5,6
10.8,0.29,0.42,1.6,0.13,19.0,27.0,0.99545,3.28,0.73,11.9,6
7.1,0.715,0.0,2.35,0.071,21.0,47.0,0.99632,3.29,0.45,9.4,5
9.1,0.49,0.15,10.05,0.097,65.43,59.0,0.99976,3.28,1.67,9.6,5
7.0,0.685,0.0,1.9,0.099,9.0,22.0,0.99606,3.34,0.6,9.7,5
8.99,0.42,0.0,2.1,0.048,16.0,42.0,1.0,3.67,1.55,14.0,7
7.24,0.8,0.13,2.0,0.076,15.0,36.0,0.9973,3.76,0.64,9.61,5
11.33,0.76,0.13,2.0,0.21,15.0,36.0,0.9973,3.61,1.87,9.8,5
7.1,1.24,0.28,2.8,0.068,6.0,16.0,0.99682,3.24,0.53,10.3,5
6.34,0.46,0.14,7.97,0.076,15.0,37.0,0.99,3.36,0.49,10.7,5
7.5,0.27,0.34,2.3,0.35,4.0,86.57,0.9951,2.97,0.64,11.0,7
6.27,0.46,0.14,2.8,0.076,36.52,37.0,1.0,3.36,0.49,14.65,5
12.61,0.57,0.09,2.3,0.065,34.0,45.0,1.0,3.46,0.74,12.7,8
5.9,0.61,0.08,2.1,0.071,16.0,254.31,0.99376,3.56,0.53,9.71,6
7.5,1.15,0.07,2.5,0.058,43.48,9.0,0.99632,3.12,1.55,8.81,4
5.9,1.12,0.08,14.96,0.18,16.0,24.0,0.99376,3.56,0.77,13.63,6
10.4,0.7,0.42,1.5,0.26,34.0,48.0,1.0,3.38,1.51,9.9,3
11.6,0.4,0.44,1.6,0.147,36.0,223.84,0.99836,3.38,0.41,10.76,4
8.8,0.685,0.26,1.6,0.52,16.0,277.37,0.99694,3.32,0.63,9.4,5
14.41,0.665,0.1,3.46,0.066,27.0,204.33,0.99655,3.39,0.51,11.65,5
10.08,1.31,0.28,2.4,0.54,36.0,100.0,0.99064,3.26,1.23,11.7,7
6.7,1.33,0.28,2.4,0.32,36.0,74.2,0.99064,3.26,1.74,12.94,7
10.1,0.95,0.35,1.6,0.075,9.0,28.0,0.99672,3.24,0.83,9.38,7
6.0,0.5,0.33,2.2,0.46,13.0,26.0,0.99647,3.41,0.47,10.54,5
12.79,0.38,0.47,11.97,0.085,9.0,231.96,0.99736,2.96,0.77,12.1,7
6.6,0.66,0.0,3.0,0.115,61.24,31.0,0.99629,3.45,0.63,10.3,5
10.6,0.5,0.45,9.78,0.119,34.0,68.0,0.99708,3.23,1.92,9.49,6
7.1,0.685,0.0,5.31,0.3,9.0,224.67,0.9963,3.28,1.4,9.4,5
9.9,0.25,0.46,12.41,0.062,26.0,42.0,0.99,3.18,0.83,10.6,6
6.4,1.44,0.18,1.8,0.081,14.0,31.0,0.99689,3.59,0.66,9.8,5
6.4,0.64,0.67,1.24,0.081,14.0,31.0,0.99689,2.92,0.66,9.8,5
7.4,0.22,0.16,1.8,0.078,12.0,19.31,0.9977,3.27,0.45,10.22,6
6.4,0.23,0.21,1.8,0.32,14.0,31.0,0.99689,3.59,0.66,9.8,5
6.4,0.63,0.81,1.6,0.08,12.0,32.0,0.99689,3.58,1.54,9.8,5
15.53,0.43,0.89,1.9,0.085,9.0,41.15,0.99708,3.28,0.55,12.26,5
9.3,0.43,0.44,1.9,0.35,9.0,22.0,0.99708,3.28,0.55,9.5,5
8.0,0.42,0.32,2.5,0.08,26.0,122.0,0.99801,3.22,1.07,9.7,5
9.3,0.36,0.3,1.5,0.26,41.0,55.0,1.0,3.81,0.73,10.9,6
9.3,0.36,0.39,1.5,0.08,41.0,55.0,0.99652,3.47,1.32,11.4,6
7.6,0.735,0.57,2.5,0.071,10.0,14.0,1.0,3.51,0.71,11.12,7
9.3,0.36,0.39,10.12,0.08,41.0,55.0,0.99652,3.47,0.73,10.9,6
8.2,0.26,0.93,2.5,0.073,16.0,47.0,0.99594,3.98,0.78,11.3,7
11.7,0.28,0.47,1.7,0.054000000000000006,17.0,219.36,0.99686,3.15,0.67,11.91,7
6.8,0.69,0.12,1.8,0.07400000000000001,15.0,257.25,0.99438,3.4,0.82,11.2,6
7.2,0.62,0.06,2.7,0.077,17.87,258.33,0.99746,3.04,1.46,9.5,5
5.8,1.01,0.64,2.0,0.039,15.0,221.75,0.99357,3.76,0.6,11.5,6
7.5,0.42,0.32,2.7,0.08,17.21,25.0,0.99628,3.24,0.44,10.4,5
7.52,0.62,0.06,2.5,0.078,17.0,84.0,0.99746,3.51,0.53,9.7,5
7.2,0.75,0.06,2.7,0.077,15.0,85.0,0.99746,3.51,0.38,9.5,5
5.29,0.635,0.07,2.6,0.11,16.0,35.94,0.99748,3.51,0.54,9.7,5
6.8,0.49,0.22,2.3,0.071,13.0,105.26,0.99438,3.41,0.83,11.3,6
6.9,0.55,0.23,2.0,0.07200000000000001,15.18,22.0,0.99438,3.4,0.62,14.67,6
6.8,1.03,0.22,12.72,0.07400000000000001,15.0,78.97,0.99438,3.4,0.82,14.17,6
13.76,0.63,0.03,2.0,0.08,27.0,43.0,0.99578,3.44,0.64,10.9,6
7.7,1.54,0.01,4.57,0.064,31.0,43.0,0.99371,3.41,0.57,11.8,6
6.9,1.48,0.03,1.5,0.086,36.0,18.49,0.99522,3.53,1.52,10.6,5
7.3,0.35,0.24,2.0,0.08,28.0,48.0,0.99576,3.43,0.54,10.0,4
11.08,0.87,0.37,1.6,0.61,65.26,10.0,0.99552,3.23,0.58,11.1,7
10.4,0.38,0.46,2.1,0.104,6.0,10.0,0.99664,3.12,0.65,11.8,7
8.8,0.31,0.59,2.8,0.109,7.0,16.0,0.99614,3.31,1.06,11.8,7
14.45,0.87,0.72,2.2,0.56,7.0,14.0,0.99517,3.99,1.97,10.9,4
7.7,0.2,0.01,2.1,0.064,31.0,43.0,0.99371,3.6,0.57,11.8,6
8.8,0.61,0.19,4.0,0.13,30.0,69.0,0.99787,3.22,0.5,10.0,6
7.2,1.29,0.04,2.5,0.5,18.0,88.0,0.99745,3.53,0.55,9.5,5
9.2,0.72,0.18,1.6,0.078,10.0,21.0,0.99576,3.15,0.49,9.9,5
7.6,0.23,0.0,2.1,0.068,30.0,84.47,0.99533,3.48,0.65,10.38,6
13.06,0.31,0.29,3.1,0.194,14.0,26.0,0.99536,3.22,0.78,12.0,6
7.2,0.6,0.93,2.5,0.076,18.0,88.0,0.99745,3.53,1.65,10.02,5
8.8,0.61,0.26,4.0,0.094,30.0,69.0,1.0,2.96,0.5,10.0,6
8.9,0.75,0.14,2.5,0.086,9.0,262.28,0.99824,3.34,1.72,10.5,5
9.0,0.8,0.12,2.4,0.083,8.0,28.0,0.99836,3.33,0.65,10.15,6
10.7,0.52,0.38,8.32,0.34,29.0,56.0,0.99577,3.15,1.09,9.13,7
6.8,0.57,0.0,2.71,0.07200000000000001,32.0,215.97,0.99491,3.43,0.56,14.35,6
10.7,1.04,0.34,7.12,0.112,69.32,99.0,1.00289,3.22,0.68,10.64,5
7.2,0.34,0.24,2.0,0.51,17.53,128.87,0.99576,3.44,0.58,10.1,5
7.2,0.55,0.03,4.22,0.078,19.13,86.0,1.0,3.53,0.57,9.7,5
10.1,1.09,0.23,1.9,0.22,10.0,18.0,0.99774,3.22,0.65,9.3,6
7.2,0.36,0.04,2.3,0.078,16.0,86.0,0.99743,3.53,1.89,9.7,5
13.1,0.63,0.35,2.2,0.08,17.0,88.0,0.99745,3.53,0.58,11.45,6
7.1,1.52,0.01,2.3,0.08,27.0,265.96,0.9955,3.19,0.58,9.26,6
14.3,0.31,0.39,2.4,0.078,17.0,157.3,0.99444,3.31,0.77,12.5,7
10.57,0.59,0.01,2.3,0.08,27.0,43.0,0.9955,3.42,0.44,10.7,6
8.3,0.31,0.39,6.2,0.61,17.0,43.0,0.99444,3.22,0.77,13.0,7
8.3,1.02,0.02,3.4,0.084,50.12,234.59,0.99892,3.48,0.49,11.0,3
8.9,0.31,0.36,2.6,0.056,10.0,39.0,0.99562,3.4,0.69,11.8,5
7.4,0.635,0.1,2.4,0.36,27.83,23.98,0.99736,3.58,0.69,10.8,7
7.4,0.635,0.1,2.4,0.61,63.62,33.0,0.99,3.56,1.22,10.8,7
6.8,0.59,0.06,6.0,0.06,11.0,18.0,0.9962,3.41,1.28,10.8,7
6.8,0.59,0.06,6.0,0.06,11.0,270.36,1.0,3.41,0.59,10.8,7
12.07,0.9,0.32,3.0,0.081,15.0,115.0,0.998,2.9,0.59,9.5,5
7.2,1.29,0.27,2.6,0.084,12.0,211.45,0.9964,3.18,0.71,14.0,5
13.96,0.56,0.0,2.2,0.079,6.0,9.0,1.0,3.59,0.54,8.47,6
7.4,0.52,0.13,2.4,0.078,34.0,61.0,0.99528,3.49,0.59,10.8,6
7.3,0.305,0.01,1.2,0.059,61.38,11.0,0.99,2.94,0.52,11.5,6
9.3,0.38,0.48,3.8,0.132,24.93,78.37,1.0,3.23,0.62,11.75,6
9.1,0.28,0.83,9.0,0.19,67.66,9.0,1.0,3.57,0.6,10.9,6
10.0,0.46,0.44,12.45,0.065,18.81,8.0,0.99674,3.33,1.34,12.2,6
9.4,1.42,0.46,4.6,0.094,3.0,10.0,0.99639,3.27,0.64,12.2,7
7.3,0.305,0.39,1.2,0.059,70.1,11.0,0.99331,3.85,0.52,14.76,6
7.33,0.315,0.4,2.2,0.079,3.0,6.0,1.0,3.4,1.01,11.9,6
5.3,0.715,0.98,1.5,0.1,2.77,181.88,0.99395,3.62,0.61,9.6,5
6.8,0.41,0.31,8.8,0.28,6.35,45.0,0.99824,3.38,1.76,10.1,6
8.4,0.36,0.32,2.2,0.081,32.0,79.0,0.9964,3.3,0.49,11.0,6
8.4,0.79,0.12,1.8,0.07200000000000001,38.0,246.51,0.99504,3.38,0.89,11.8,6
9.6,0.41,0.35,2.3,0.091,26.6,23.0,1.0,3.32,0.56,10.5,5
8.4,0.36,0.55,2.2,0.081,32.0,79.0,0.9964,3.3,1.77,11.0,6
8.4,0.62,0.12,12.78,0.1,38.0,151.28,0.99504,3.38,0.89,11.8,6
6.8,0.41,0.31,8.8,0.084,26.0,45.0,0.99824,3.38,0.64,14.56,6
8.6,0.47,0.27,10.38,0.6,14.0,28.0,0.99516,3.18,0.8,11.2,5
9.46,0.22,0.06,1.9,0.064,68.54,77.0,0.99604,3.47,0.87,11.0,7
9.4,0.24,0.33,9.27,0.061,52.0,73.0,0.99786,3.47,0.9,10.2,6
8.4,0.67,0.19,1.86,0.093,11.0,75.0,0.99736,3.2,0.59,9.2,4
8.6,0.47,0.27,2.3,0.055,14.0,176.69,0.99516,3.18,0.87,11.2,5
8.7,0.33,0.38,3.3,0.28,7.29,19.0,0.99468,3.3,0.73,12.0,7
6.6,0.61,0.01,3.97,0.08,8.0,25.0,0.99746,3.69,0.73,10.5,5
8.98,0.61,0.01,2.0,0.07400000000000001,55.14,38.0,0.99748,3.48,0.65,9.8,5
7.6,0.4,0.29,11.9,0.078,44.37,66.0,1.0,3.45,0.59,9.5,6
13.81,0.61,0.5,12.06,0.11,13.0,38.0,0.99748,3.48,1.45,9.8,5
6.6,1.38,0.01,1.9,0.59,8.0,84.28,0.99746,3.69,0.73,10.5,5
8.8,0.3,0.78,10.42,0.41,19.0,72.0,0.99543,3.39,0.72,13.85,6
8.8,0.3,0.38,2.3,0.06,19.0,72.0,1.0,3.39,1.28,14.35,6
12.0,0.63,0.5,4.03,0.071,6.0,205.79,0.99791,3.07,0.75,13.51,4
7.2,0.38,0.28,2.8,0.068,54.92,42.0,0.99,2.83,0.72,10.25,7
7.97,0.46,0.17,1.6,0.073,7.0,124.89,1.0,3.61,0.54,14.18,5
15.78,1.26,0.28,2.2,0.07400000000000001,13.0,25.0,0.99509,2.93,1.21,9.68,7
5.69,1.57,0.49,5.0,0.15,9.0,227.16,0.99484,3.19,0.52,12.5,7
10.1,0.7,0.4,2.6,0.092,13.0,10.89,0.99834,3.22,1.43,11.67,7
12.83,0.5,0.34,2.3,0.53,10.0,256.47,0.99864,3.83,0.77,9.7,7
8.3,1.53,0.49,5.54,0.09,11.0,24.0,0.99498,3.27,0.64,9.41,7
9.38,0.44,0.38,2.0,0.071,7.0,20.0,0.99566,3.14,0.79,11.1,7
10.2,0.44,0.58,4.1,0.092,24.01,24.0,0.99,3.29,0.99,12.0,7
8.3,0.28,0.48,2.1,0.093,6.0,12.0,1.0,3.26,1.96,12.4,7
12.07,0.12,0.39,1.8,0.075,10.0,21.0,0.99552,3.41,0.76,10.11,7
11.04,0.12,0.72,1.8,0.075,51.56,21.0,0.99552,3.25,0.76,11.9,7
8.9,0.12,0.8,12.09,0.075,54.26,21.0,1.0,3.41,0.76,11.9,7
8.3,1.17,0.48,2.1,0.093,70.33,12.0,0.99408,3.26,0.62,12.4,7
8.2,0.31,0.76,2.2,0.51,6.0,10.0,0.99536,3.31,1.89,12.37,7
10.2,0.34,0.48,12.71,0.43,5.0,9.0,0.99458,3.2,0.56,12.1,7
7.6,0.29,0.4,2.7,0.29,6.0,11.0,0.99538,3.44,0.54,11.64,6
8.5,0.21,0.39,1.9,0.09,9.0,23.0,0.99648,3.36,0.67,10.4,5
9.0,0.36,0.52,2.1,0.43,12.97,10.0,0.99568,3.41,0.62,11.3,6
9.5,0.37,0.98,2.0,0.2,12.0,51.0,0.99613,3.29,0.58,11.1,6
6.4,1.21,0.12,2.3,0.35,16.63,36.0,1.0,3.47,0.71,11.3,7
8.0,0.59,0.9,4.37,0.08900000000000001,12.0,32.0,0.99,3.34,0.61,10.0,5
8.5,0.47,0.06,1.9,0.058,18.0,38.0,1.0,3.16,1.54,11.1,6
7.1,0.61,0.38,6.19,0.078,65.39,18.0,1.0,3.27,0.62,9.3,5
6.6,1.32,0.02,8.08,0.115,8.07,16.0,0.99654,3.38,1.06,9.5,5
10.16,1.51,0.07,2.0,0.1,20.0,27.0,0.99546,3.15,1.54,11.2,6
7.5,0.78,0.27,7.52,0.058,18.0,115.49,0.99518,3.24,0.85,12.4,6
8.3,0.34,0.4,13.99,0.065,24.0,48.0,0.99554,3.34,0.86,8.41,6
9.0,0.47,0.41,1.32,0.103,6.0,10.0,0.99604,3.13,1.68,8.91,7
8.5,1.31,0.2,2.1,0.097,23.0,113.0,0.99733,3.13,0.48,9.2,5
14.92,0.4,0.43,9.08,0.37,29.0,46.0,0.9943,3.2,0.6,12.2,6
6.7,0.42,0.09,2.9,0.079,17.77,209.07,0.99669,3.46,0.61,10.2,5
10.4,0.26,0.48,10.94,0.56,6.0,10.0,0.99724,3.58,0.87,10.9,6
10.4,0.26,0.48,12.13,0.48,6.0,10.36,0.99,3.33,0.87,10.9,6
8.28,1.42,0.5,2.4,0.104,6.0,13.0,0.99643,3.22,0.65,11.6,7
8.5,0.34,0.44,1.7,0.079,24.64,12.0,0.99605,3.52,0.63,10.7,5
8.8,1.01,0.41,5.9,0.073,7.0,117.3,0.99658,3.3,0.62,12.1,7
7.2,1.43,0.45,11.98,0.12,35.0,72.0,0.997,3.44,0.52,9.4,5
7.2,0.41,0.3,2.1,0.083,35.0,72.0,0.997,3.44,0.52,9.4,5
8.4,0.59,0.29,2.6,0.109,31.0,119.0,0.99801,3.15,0.5,13.33,5
7.0,0.4,0.32,3.6,0.48,27.71,119.33,0.99416,3.28,0.49,8.85,7
12.2,0.45,0.49,1.4,0.075,3.0,115.29,0.9969,2.88,1.45,10.4,5
9.1,0.5,0.75,1.9,0.065,8.0,175.44,0.99774,3.32,0.71,10.5,6
9.5,0.86,0.75,1.9,0.079,13.0,103.24,0.99712,3.25,0.62,10.0,5
7.3,0.52,0.32,2.1,0.07,51.0,70.0,0.99418,3.34,0.82,10.96,6
9.1,0.58,0.3,1.9,0.065,8.0,17.0,0.99774,3.32,0.65,11.86,6
12.2,0.45,0.49,1.4,0.1,23.45,6.0,0.99,3.13,0.63,10.4,5
7.4,0.78,0.0,2.0,0.064,7.0,276.36,0.99,3.45,0.44,12.74,6
6.39,0.34,0.5,9.44,0.066,3.0,7.0,1.0,3.19,0.55,14.65,7
13.56,0.36,0.3,6.71,0.08,35.0,70.0,0.99693,3.44,0.98,10.85,5
7.7,0.39,0.12,1.14,0.04,49.08,27.0,0.99596,3.16,1.18,9.4,5
9.7,1.02,0.14,1.5,0.073,63.73,202.89,1.0,3.65,0.51,10.9,6
7.7,0.39,0.12,1.7,0.097,43.49,185.78,0.99596,3.16,0.49,9.4,5
7.1,0.8,0.28,2.0,0.08199999999999999,31.0,68.0,0.99694,3.45,0.48,9.4,5
6.5,0.4,0.95,2.0,0.57,30.0,190.9,0.99554,3.36,1.52,9.4,6
7.1,0.34,0.28,11.79,0.31,62.42,68.0,0.99694,3.45,0.48,9.4,5
10.0,0.35,0.45,2.5,0.092,20.0,210.08,1.0,3.53,0.38,9.4,5
7.7,0.6,0.06,14.59,0.27,51.44,41.0,0.99,3.39,0.62,10.1,6
5.6,0.66,0.0,2.2,0.087,3.0,11.0,0.99378,2.86,0.63,12.8,7
5.6,0.66,0.59,2.2,0.087,3.0,36.22,0.99378,3.71,0.63,9.12,7
9.78,1.17,0.94,1.4,0.05,4.0,10.0,1.0,3.6,0.48,9.1,6
6.4,0.69,0.61,1.65,0.055,23.99,12.0,0.99162,3.47,0.53,13.97,6
7.5,0.43,0.3,10.76,0.062,9.92,104.84,0.99495,3.44,0.72,11.5,7
9.9,0.35,0.38,1.5,0.058,17.03,128.06,0.99676,3.26,0.82,10.6,7
13.76,0.29,0.8,2.05,0.063,13.0,27.0,0.99516,3.26,0.94,11.44,7
6.8,0.36,0.29,1.03,0.11,4.0,187.38,0.9928,3.36,0.55,12.8,7
8.2,0.43,0.5,1.6,0.081,27.0,12.09,0.99603,2.8,0.54,10.3,5
6.8,0.36,0.32,1.8,0.067,46.2,8.0,0.99,3.36,0.55,12.8,7
9.1,0.29,0.33,13.06,0.063,13.0,27.0,0.99516,3.26,0.84,11.7,7
9.1,0.99,0.34,5.7,0.27,12.0,25.0,0.99516,3.26,0.84,11.7,7
8.9,0.35,0.4,3.6,0.11,12.0,24.0,0.99,3.23,0.7,12.0,7
9.6,1.37,0.36,14.68,0.116,26.0,55.0,0.99722,3.18,0.68,10.9,5
8.9,0.28,0.27,1.7,0.067,7.0,110.13,0.99354,3.25,0.55,12.3,7
15.15,0.97,0.31,2.19,0.08800000000000001,12.0,19.0,0.9957,3.17,1.03,14.39,6
7.7,0.65,0.15,2.1,0.07,31.31,140.7,1.0,3.23,0.48,10.0,5
8.15,0.35,0.23,11.05,0.092,22.0,31.0,0.99635,3.07,0.58,10.0,6
8.0,0.58,0.42,14.65,0.35,3.0,7.0,0.99,3.94,1.25,11.2,6
13.69,0.39,0.46,2.2,0.075,14.0,27.0,0.99598,3.06,1.2,11.4,6
8.9,1.04,0.4,2.2,0.068,12.0,28.0,0.99486,3.27,0.75,12.6,7
11.49,0.43,0.37,2.02,0.3,36.0,109.0,0.99007,2.89,1.5,12.7,6
8.0,0.18,0.18,13.92,0.049,36.0,109.0,0.99007,2.89,0.44,14.73,6
7.0,0.5,0.14,13.88,0.078,30.54,23.0,0.99636,3.66,0.61,10.4,5
11.3,0.36,0.66,8.32,0.123,3.0,45.87,0.99642,3.2,0.53,11.9,6
11.3,0.36,0.39,2.4,0.35,44.38,8.0,0.99642,3.2,0.53,11.9,6
7.0,0.51,0.09,6.19,0.48,69.25,146.07,0.99584,3.35,0.54,10.5,5
8.2,0.32,0.42,6.21,0.098,3.0,9.0,0.99506,3.6,1.57,8.55,6
7.7,0.58,0.04,1.8,0.08800000000000001,12.0,18.0,0.99568,3.32,0.56,10.5,7
8.6,0.83,0.0,2.8,0.53,17.0,43.0,0.99822,3.65,0.6,12.16,6
7.9,0.31,0.32,15.37,0.066,14.0,36.0,0.99364,3.41,1.85,12.6,6
6.4,0.91,0.92,2.23,0.065,28.0,52.0,0.99378,3.49,0.52,14.58,5
10.64,0.34,0.21,4.95,0.075,41.0,68.0,0.99586,3.82,1.55,10.1,6
7.7,0.58,0.39,1.8,0.51,21.92,18.0,1.0,3.32,1.99,8.46,7
15.48,0.59,0.6,2.1,0.091,9.0,14.0,0.99488,3.42,0.55,11.5,7
6.5,0.55,0.62,1.74,0.093,29.8,15.0,0.99514,3.35,0.58,11.0,7
8.1,1.36,0.0,4.1,0.095,5.0,14.0,1.0,3.36,0.53,11.23,5
7.5,0.57,0.08,2.6,0.08900000000000001,14.0,27.0,0.99592,3.3,0.59,10.4,6
8.9,0.745,0.45,2.5,0.077,38.14,157.37,1.0,3.2,0.47,9.7,6
10.1,0.37,0.34,2.4,0.085,5.0,17.0,0.99683,3.17,0.55,10.6,7
7.6,0.31,0.34,2.5,0.4,26.0,35.0,1.0,3.22,0.59,12.5,7
7.3,0.91,0.1,1.8,0.07400000000000001,20.0,56.0,0.99,3.4,0.56,9.2,5
8.97,0.41,0.41,6.2,0.078,31.18,42.0,0.9953,3.24,0.77,12.6,7
8.9,0.5,0.21,2.2,0.08800000000000001,28.44,39.0,0.99692,3.33,0.83,11.1,6
12.16,0.965,0.0,2.2,0.08800000000000001,16.0,32.0,0.99756,3.58,0.67,10.2,5
6.9,0.49,0.19,1.7,0.079,24.96,26.0,1.0,3.31,0.8,9.87,6
8.9,0.5,0.0,2.2,0.08800000000000001,21.0,39.0,0.99692,3.33,0.83,11.1,6
9.5,0.39,0.41,8.9,0.069,18.0,39.0,0.99859,3.29,0.81,10.9,7
6.4,0.39,0.33,3.3,0.046,12.0,53.0,0.99294,3.36,0.62,12.2,6
6.9,0.44,0.0,1.4,0.07,32.0,184.32,0.99438,3.32,0.58,11.4,6
7.6,1.34,0.69,8.39,0.076,11.17,45.0,0.99612,3.31,0.62,10.7,6
10.47,0.73,0.65,7.35,0.08199999999999999,27.0,44.19,0.99,3.49,0.37,13.23,5
9.3,0.49,0.36,1.7,0.081,34.48,14.0,0.99702,3.27,0.78,10.9,6
9.3,0.5,0.36,1.8,0.47,6.0,17.0,0.99704,3.27,1.75,10.8,6
7.1,0.43,0.17,9.5,0.08199999999999999,27.0,51.0,0.99634,3.49,0.64,10.4,5
8.5,0.46,0.59,1.4,0.414,32.76,45.0,0.99702,3.03,1.34,8.98,5
5.6,0.605,0.05,2.4,0.073,19.0,25.0,0.99258,2.92,0.55,12.9,5
11.01,0.33,0.42,2.3,0.07,9.0,20.0,0.99426,3.38,0.77,12.7,7
13.73,0.64,0.27,2.0,0.095,68.32,77.0,1.0,3.13,0.62,9.1,6
15.44,0.64,0.27,2.0,0.095,5.0,77.0,0.99747,3.58,0.62,11.51,6
8.9,0.48,0.53,1.65,0.101,46.09,10.0,1.0,3.08,0.59,12.1,7
7.6,0.42,0.1,3.9,0.104,28.0,90.0,1.0,3.15,0.57,8.51,5
8.71,0.53,0.57,2.4,0.093,30.0,52.0,0.9971,3.19,0.86,11.6,7
8.9,0.48,0.53,4.0,0.101,3.0,10.0,0.99586,2.85,0.59,12.1,7
11.6,0.23,0.28,8.92,0.07400000000000001,3.0,8.0,1.0,3.14,0.7,8.62,6
13.86,0.97,0.5,1.8,0.41,7.0,16.0,0.99462,3.21,0.69,12.5,8
14.46,0.38,0.44,1.9,0.098,63.83,15.0,0.99,3.3,0.64,14.21,6
10.2,0.29,0.65,0.94,0.33,6.0,17.0,0.99565,3.22,0.63,11.8,6
8.2,0.74,0.06,6.3,0.067,5.0,171.27,0.99418,2.92,0.57,11.8,6
7.7,0.61,0.18,2.4,0.083,17.71,20.0,0.9963,3.29,0.69,10.2,6
8.39,1.2,0.03,11.41,0.07,12.65,26.0,0.99358,3.4,1.64,11.47,7
11.1,0.31,0.53,2.2,0.04,3.0,10.0,0.99572,3.02,0.83,10.9,7
11.1,0.31,0.29,2.2,0.54,59.53,10.0,0.99572,3.02,1.69,10.9,7
8.0,0.27,0.35,2.8,0.086,28.0,52.0,0.997,3.99,0.62,10.8,5
9.3,0.33,0.45,11.18,0.057,19.0,37.0,0.99498,3.18,0.88,11.1,7
7.5,0.77,0.64,8.1,0.098,30.0,92.0,0.99892,3.2,0.92,11.73,5
7.2,0.35,0.26,11.19,0.083,33.0,128.13,1.0,3.4,0.58,13.42,6
8.0,0.62,0.33,2.7,0.08800000000000001,16.0,37.0,0.9972,3.31,0.58,10.7,6
7.5,0.58,0.2,5.54,0.098,30.0,92.0,0.99892,3.2,0.94,9.2,5
9.1,0.25,0.34,2.0,0.5,56.49,67.0,1.0,3.44,0.86,10.89,7
9.9,0.32,0.56,2.0,0.073,3.0,8.0,0.99534,3.15,1.92,11.4,6
8.6,0.37,0.65,6.4,0.08,3.0,8.0,0.99817,3.27,0.58,11.0,5
6.86,0.37,0.06,10.74,0.08,32.83,253.49,0.99817,3.01,1.81,11.0,5
14.02,0.3,0.68,8.3,0.05,37.5,260.32,0.99316,3.01,0.78,12.39,7
10.3,0.3,0.99,12.47,0.047,3.0,177.64,0.99471,3.07,0.51,11.8,6
14.48,0.3,0.68,8.3,0.05,37.5,289.0,1.0,3.01,0.51,12.3,7
9.98,0.38,0.3,1.8,0.073,25.52,70.0,0.99,3.42,1.43,9.5,6
8.7,0.46,0.45,2.4,0.08,32.0,59.0,0.99617,3.33,0.77,12.0,6
7.2,0.38,0.3,6.37,0.073,31.0,70.0,0.99685,3.42,0.59,9.5,6
14.71,0.48,0.08,2.98,0.29,40.0,64.0,0.99529,3.12,0.49,9.6,5
8.5,0.41,0.4,3.01,0.055,3.0,248.77,0.99,2.92,1.29,10.72,7
11.5,0.19,0.42,1.6,0.057,18.0,30.0,0.994,3.29,0.69,11.2,6
11.12,0.41,0.54,1.5,0.095,12.85,41.0,0.99735,3.02,0.76,9.9,7
11.6,0.41,0.54,1.5,0.42,22.0,41.0,0.99735,3.72,0.76,9.9,7
13.51,1.26,0.83,1.9,0.083,42.0,74.0,0.99451,3.61,0.63,11.8,8
7.9,0.34,0.42,12.39,0.086,8.0,19.0,0.99546,3.35,0.89,11.4,6
7.0,1.13,0.09,6.58,0.081,8.52,16.0,0.99479,3.43,0.59,11.5,6
9.2,0.31,0.36,6.99,0.05,11.0,31.0,0.99615,3.33,0.86,12.0,7
6.6,0.34,0.09,5.5,0.117,9.0,17.0,0.99655,3.35,0.49,13.36,6
9.4,0.4,0.47,2.5,0.087,6.0,20.0,0.99772,3.8,0.5,10.5,5
6.6,0.725,0.09,2.53,0.117,9.0,17.0,0.99655,2.94,0.49,10.8,6
8.6,0.52,0.38,1.5,0.096,5.0,18.0,0.99666,3.12,0.52,9.86,5
8.0,0.31,0.45,2.1,0.21600000000000005,26.67,16.0,0.99358,3.15,0.81,12.5,7
8.6,0.52,0.36,2.49,0.096,6.65,18.0,0.99666,3.2,0.52,9.4,5
4.86,0.34,0.28,2.1,0.21,49.97,36.0,0.99392,3.11,0.78,12.4,6
7.4,0.49,0.27,2.1,0.37,27.56,191.79,0.99388,2.99,0.63,12.0,6
6.1,0.48,0.09,1.7,0.078,18.0,30.0,0.99402,3.45,0.54,11.2,6
5.84,0.49,0.27,2.1,0.071,14.0,25.0,0.99388,3.96,0.63,12.0,6
8.0,0.51,0.34,2.2,0.073,16.0,25.0,1.0,3.43,0.66,9.75,6
6.3,1.25,0.28,2.1,0.048,13.0,49.0,1.0,3.41,0.6,8.57,5
8.2,0.23,0.42,5.11,0.35,9.0,17.0,0.99376,3.21,0.54,12.3,6
9.1,0.3,0.41,6.74,0.068,10.0,24.0,0.99523,3.27,0.85,11.7,7
6.07,0.78,0.1,9.91,0.09,4.0,13.0,0.99855,3.7,0.49,9.5,5
10.8,0.52,0.43,2.1,0.171,27.0,66.0,0.99,3.49,0.76,10.8,6
8.3,0.53,0.0,5.61,0.07,6.0,14.0,0.99593,3.07,0.72,11.68,6
5.4,0.42,0.63,2.0,0.3,23.0,55.0,1.0,3.47,0.64,11.66,7
7.9,0.33,0.92,1.5,0.056,6.0,35.0,0.99,3.29,0.71,11.0,6
8.9,0.24,0.39,7.9,0.09,61.17,282.4,0.99698,3.12,0.59,9.5,6
5.0,0.4,0.5,4.3,0.046,56.76,80.0,0.9902,3.49,0.66,13.6,6
7.37,0.69,0.07,8.83,0.091,15.0,21.0,0.99572,3.38,0.6,11.3,6
7.0,0.69,0.07,2.5,0.091,15.0,21.0,0.99572,3.64,0.6,13.15,6
7.0,0.69,0.07,2.5,0.091,15.0,21.0,0.99572,3.38,0.6,11.3,6
4.61,0.39,0.14,2.1,0.065,14.0,231.76,0.99252,3.3,0.53,13.3,6
5.6,0.66,0.0,12.06,0.066,7.0,15.0,0.99256,3.52,0.58,12.9,5
7.9,0.54,0.34,2.5,0.076,8.0,252.82,0.99235,3.35,0.72,10.59,8
6.6,0.5,0.0,1.54,0.062,21.0,28.0,0.99352,3.44,0.55,12.3,6
6.3,0.88,0.0,1.4,0.055,27.0,33.0,0.9922,3.45,0.99,12.31,6
10.7,0.4,0.37,1.9,0.081,17.0,29.0,0.99674,3.49,0.65,13.87,6
6.5,0.28,0.0,2.2,0.096,18.46,13.0,0.99557,3.62,0.62,11.1,4
8.8,0.24,0.35,1.7,0.055,49.51,27.0,0.99394,3.14,1.18,11.3,7
5.8,0.29,0.08,14.8,0.063,39.87,11.0,0.9915,3.54,0.54,13.5,6
7.14,0.76,0.0,2.9,0.07200000000000001,31.98,52.0,0.99,3.51,0.6,11.5,6
10.9,1.44,0.05,2.7,0.095,33.82,89.0,0.9984,3.22,0.68,10.0,5
10.5,0.43,0.35,14.66,0.61,24.0,70.0,0.99798,3.89,0.69,10.87,6
8.73,0.6,0.0,4.48,0.058,5.0,10.0,1.0,3.79,0.63,10.4,6
5.9,0.81,0.21,11.56,0.045,57.0,135.0,0.99341,3.05,0.44,9.5,5
6.37,0.36,0.34,1.8,0.56,39.81,266.21,0.9933,3.38,0.88,13.6,7
7.2,0.48,0.07,5.5,0.08900000000000001,70.26,18.0,0.99684,3.37,0.68,11.2,7
11.13,0.28,0.35,5.34,0.061,6.0,15.0,1.0,3.3,0.74,11.8,7
8.0,0.25,0.43,1.7,0.067,22.0,256.9,0.9946,2.8,0.6,11.9,6
7.16,0.94,0.45,2.0,0.08,6.0,13.0,1.0,3.08,0.76,11.4,6
7.51,0.24,0.45,2.0,0.08,6.0,13.0,0.99774,3.22,0.76,10.44,6
7.5,0.41,0.15,10.56,0.104,6.02,94.0,0.99786,3.14,0.58,10.97,5
8.2,0.51,0.24,2.0,0.16,16.0,86.0,0.99764,3.34,1.13,9.5,6
6.94,0.4,0.15,12.42,0.08,33.0,189.8,1.0,3.84,0.65,9.5,6
8.2,0.38,0.32,2.5,0.32,24.0,71.0,0.99624,3.27,0.85,11.0,6
6.9,0.45,0.11,2.4,0.043,6.0,174.36,0.99354,3.3,0.65,11.4,6
7.0,0.22,0.3,1.33,0.065,16.0,20.0,0.99672,3.61,0.82,14.73,6
11.42,0.32,0.47,2.3,0.16,35.0,70.0,0.99588,3.43,0.62,10.54,5
8.2,0.35,0.43,4.79,0.076,27.12,51.0,0.99,3.53,1.27,10.4,6
7.8,0.5,0.96,1.8,0.12,6.0,21.0,0.996,3.28,0.87,9.8,6
9.78,0.41,0.45,6.2,0.071,70.03,14.0,0.99702,3.21,0.49,11.8,7
7.8,0.39,0.62,2.0,0.086,61.76,21.0,0.99526,3.39,0.66,11.6,6
6.0,0.35,0.47,10.97,0.32,6.0,138.08,0.99585,3.77,0.52,12.0,6
8.2,0.33,0.95,14.27,0.067,65.95,12.0,0.99473,3.85,0.76,12.8,7
6.91,0.58,0.23,2.5,0.044,16.0,70.0,0.99352,3.46,0.65,12.5,6
8.3,0.6,0.25,2.2,0.118,9.0,157.77,0.99616,2.98,0.53,9.8,5
9.6,1.14,0.35,8.46,0.34,25.75,38.0,0.99,3.23,0.48,11.1,6
6.6,1.31,0.0,2.2,0.4,50.0,63.0,1.0,2.96,1.4,11.4,6
9.64,0.6,0.5,2.2,0.118,9.0,38.0,0.99616,3.32,0.53,9.8,5
8.5,0.18,0.51,1.75,0.27,45.0,88.0,0.99524,3.33,0.76,14.1,7
5.1,0.51,0.18,2.1,0.042,4.03,101.0,0.9924,3.91,0.97,13.24,7
15.82,0.41,0.43,2.8,0.076,22.0,54.0,0.99,2.83,1.16,10.6,6
9.84,0.41,0.37,2.2,0.54,11.0,37.0,1.0,3.16,0.67,11.88,5
10.6,0.36,0.76,5.54,0.087,6.0,20.0,1.0,3.14,0.72,11.1,7
8.8,1.38,0.15,1.4,0.076,12.0,21.0,0.99551,3.21,1.92,10.2,6
10.67,0.32,0.42,2.3,0.15,12.0,19.0,0.99434,3.93,0.71,11.8,7
9.0,0.785,0.24,1.7,0.078,10.0,21.0,1.0,3.3,1.42,10.0,5
9.0,0.785,0.24,1.7,0.47,10.0,21.0,0.99692,3.98,0.67,10.0,5
9.93,0.44,0.5,1.9,0.369,15.0,61.11,0.99,3.01,1.1,10.92,5
9.9,0.54,0.56,2.0,0.111,3.12,60.0,0.99709,2.94,0.98,10.2,5
8.2,0.43,0.39,7.3,0.07400000000000001,25.63,48.0,0.99528,3.98,1.32,11.78,7
6.5,0.53,0.27,2.8,0.067,8.0,133.13,0.99384,3.21,0.56,12.0,6
7.6,0.5,0.17,7.5,0.086,5.0,14.0,1.0,3.32,1.8,11.5,6
9.2,0.36,0.01,1.6,0.062,5.0,12.0,1.0,3.2,1.73,10.5,6
10.3,0.59,0.0,2.2,0.078,26.0,286.83,0.99522,3.49,0.68,8.58,6
9.7,0.47,0.21,2.1,0.15,45.61,16.0,1.0,3.27,0.74,9.33,6
15.24,0.36,0.36,4.65,0.12,26.0,23.75,0.99716,3.46,0.94,9.5,6
9.47,0.36,0.31,4.34,0.079,27.85,121.85,0.99716,2.98,0.62,9.5,6
6.5,0.61,0.77,2.2,0.32,48.0,117.41,0.99,3.61,0.7,11.5,6
6.5,0.88,0.03,5.6,0.079,34.69,47.0,1.0,3.58,1.16,11.2,4
7.1,0.66,0.0,12.12,0.052000000000000005,33.78,11.0,0.99318,3.35,1.24,12.94,7
5.78,0.915,0.0,2.1,0.56,17.0,78.0,0.99,3.68,0.73,11.4,5
8.2,0.26,0.33,2.4,0.37,11.0,47.0,0.99599,3.06,1.66,11.0,6
8.2,0.35,0.49,2.4,0.076,11.0,47.0,0.99599,3.27,0.81,10.63,6
9.23,0.39,0.73,1.65,0.068,5.0,268.56,0.99478,3.19,0.46,11.4,5
10.2,0.4,0.4,4.26,0.068,41.0,184.28,0.99754,3.38,0.86,12.29,6
6.8,0.66,0.07,1.6,0.07,16.0,61.0,0.99572,3.21,0.6,8.87,5
6.7,0.64,0.4,2.1,0.08,15.98,195.29,0.99538,3.22,0.7,10.9,5
7.0,0.43,0.3,2.0,0.085,6.0,160.76,0.99346,3.33,0.46,11.9,6
6.6,0.8,0.31,14.11,0.079,6.0,169.35,0.9963,3.52,0.5,11.32,5
7.0,1.34,0.2,2.0,0.085,6.0,39.0,0.99346,3.33,1.93,14.88,6
6.7,0.2,0.54,9.01,0.42,7.15,119.0,0.99538,3.36,0.7,10.9,5
8.8,0.955,0.21,13.5,0.075,69.51,19.0,0.99616,3.3,1.88,11.74,4
10.19,0.57,0.57,4.6,0.08,6.0,20.0,0.99652,3.28,0.57,11.14,6
6.5,0.885,0.9,2.3,0.23,6.0,12.0,0.99551,3.56,0.51,10.8,5
7.2,0.25,0.37,14.7,0.063,49.1,41.0,0.99439,3.52,0.8,12.4,7
15.82,0.885,0.0,5.58,0.166,6.0,12.0,0.99,3.56,0.55,10.8,5
7.0,1.53,0.39,12.55,0.13,15.0,214.97,0.99588,3.22,0.78,9.5,6
8.21,1.58,0.22,1.8,0.078,21.0,56.0,0.99633,3.52,0.6,9.5,6
7.9,0.58,0.23,2.3,0.076,23.0,94.0,0.99686,3.21,0.58,9.5,6
7.7,0.57,1.0,1.5,0.28,56.34,9.0,0.99458,3.16,0.54,9.8,6
7.7,0.26,0.26,2.0,0.052000000000000005,19.0,194.55,0.9951,3.54,0.79,10.9,6
7.9,0.58,0.23,2.3,0.076,23.0,94.0,1.0,3.31,1.41,9.5,6
7.7,0.94,0.21,1.5,0.069,4.0,197.36,1.0,3.16,0.54,9.8,6
7.9,0.34,0.5,12.13,0.065,5.0,10.0,0.99419,3.27,0.54,11.91,7
5.03,0.42,0.39,14.43,0.068,6.0,12.0,0.99516,3.35,1.29,11.7,8
13.85,0.74,0.1,5.8,0.52,33.0,89.14,1.0,3.37,0.52,9.4,5
7.2,0.68,0.46,2.1,0.12,1.77,44.0,0.99534,3.4,0.85,11.0,7
7.2,0.36,0.67,8.95,0.07400000000000001,24.0,44.0,0.99534,3.51,1.58,11.0,7
7.2,0.36,0.24,2.1,0.07400000000000001,49.45,44.0,0.99534,3.4,0.85,11.0,7
6.47,0.72,0.55,1.7,0.136,52.6,52.0,0.99752,3.35,0.94,10.0,5
7.2,0.36,0.24,2.1,0.07400000000000001,24.0,44.0,0.99534,3.4,0.85,11.0,7
6.2,0.39,0.43,2.0,0.071,7.31,24.0,0.99428,3.78,0.87,11.2,7
6.8,0.65,0.02,2.1,0.078,13.24,42.5,1.0,3.35,0.62,10.4,6
8.63,0.27,0.15,2.1,0.076,22.0,191.72,0.9957,3.32,0.62,14.71,5
9.69,0.65,0.41,2.1,0.078,8.0,15.0,0.99498,2.95,0.62,12.38,6
9.6,0.32,0.42,1.9,0.071,5.0,203.5,0.99,2.91,1.43,12.08,6
10.2,0.33,0.46,1.9,0.081,6.0,9.0,0.99628,3.1,0.48,10.4,6
7.67,0.81,0.46,1.37,0.095,9.81,29.0,0.99,3.26,0.56,11.3,6
7.9,0.57,0.31,4.93,0.079,10.0,79.0,0.99677,3.29,0.69,9.5,6
8.2,0.34,0.37,1.9,0.057,43.0,74.0,0.99408,3.23,0.81,9.16,6
8.2,0.37,0.61,1.9,0.08199999999999999,8.0,24.0,0.996,3.24,1.32,8.56,6
9.0,0.39,0.4,1.3,0.044,36.59,50.0,0.99478,3.2,0.83,10.9,6
10.9,0.32,0.14,1.8,0.132,17.0,109.8,0.99734,3.28,0.77,11.43,6
10.9,0.32,0.01,1.8,0.48,17.0,211.29,1.0,3.28,1.19,11.5,6
8.1,0.53,0.22,2.2,0.39,33.0,89.0,0.99678,3.26,1.85,12.93,6
10.5,0.36,0.47,2.2,0.07400000000000001,9.0,23.0,0.99638,3.23,0.76,13.59,6
12.6,1.25,0.49,2.87,0.08,8.0,20.0,0.9992,3.07,0.82,13.28,6
9.2,0.46,0.23,2.6,0.091,18.0,77.0,0.99922,3.15,0.51,9.4,5
10.08,0.12,0.77,4.1,0.08,16.37,46.0,1.0,3.23,1.75,9.2,5
9.0,0.58,0.25,13.5,0.08,8.0,21.0,0.99769,3.27,0.72,9.6,5
5.1,0.42,0.0,7.85,0.044,18.0,88.0,0.99157,3.3,0.73,13.6,7
7.82,0.54,0.29,2.1,0.29,19.0,208.96,1.0,3.4,0.64,12.23,5
7.7,0.45,0.34,2.7,0.066,15.0,58.0,1.0,3.37,0.6,11.8,6
7.8,1.39,0.01,2.6,0.07,30.35,90.0,0.99621,3.38,1.54,10.8,5
15.57,0.43,0.29,1.16,0.075,19.0,66.0,0.99718,3.4,0.64,10.9,5
10.2,0.3,0.37,4.2,0.057,31.96,36.0,0.99,3.23,0.49,9.3,4
7.1,0.75,0.21,2.2,0.059,11.0,35.73,1.0,3.39,0.4,12.8,6
13.51,1.47,0.32,12.9,0.054000000000000006,6.0,113.0,0.99572,3.3,0.56,14.6,4
7.8,0.55,0.0,1.7,0.07,7.0,17.0,0.99659,3.26,0.56,9.4,6
7.1,0.75,0.01,2.2,0.059,28.05,202.43,0.99242,3.39,1.02,12.8,6
8.1,0.73,0.0,2.5,0.081,12.0,24.0,0.99798,3.94,0.46,9.6,4
6.5,0.29,0.0,4.3,0.54,11.0,20.0,0.99488,3.45,0.56,11.8,4
7.5,0.61,0.39,1.7,0.076,36.0,60.0,1.0,3.29,0.4,9.3,5
9.8,0.37,0.39,2.5,0.079,28.0,286.91,0.99729,2.94,0.59,9.8,5
7.76,0.4,0.41,2.0,0.19,15.0,40.0,1.0,3.92,1.6,12.2,6
8.3,1.46,0.22,2.4,0.08199999999999999,23.76,173.66,0.9983,3.37,0.89,9.5,5
5.9,0.29,0.25,13.4,0.067,59.72,160.0,0.99721,3.33,0.54,10.3,6
14.14,0.55,0.19,1.8,0.39,15.0,34.0,0.99655,3.41,0.68,10.67,5
12.68,1.23,0.07,14.87,0.52,15.0,48.0,1.0,3.12,1.11,10.0,5
7.4,0.37,0.19,1.8,0.08199999999999999,15.0,34.0,1.0,3.49,0.68,8.61,5
6.9,0.41,0.61,2.2,0.15,69.93,98.71,1.0,3.26,0.75,11.1,6
7.1,0.6,0.49,2.3,0.079,24.0,37.0,0.99514,3.4,0.61,12.67,6
15.18,1.04,0.01,2.3,0.079,24.0,37.0,0.99514,3.4,0.61,14.34,6
7.5,1.09,0.78,14.13,0.077,23.63,60.0,0.9963,3.28,1.02,8.89,5
7.1,0.72,0.0,1.8,0.123,6.0,14.0,0.99627,3.45,0.58,9.8,5
7.9,0.66,0.66,1.4,0.096,55.16,13.0,0.99569,3.43,0.58,9.5,5
7.8,0.7,0.06,8.43,0.079,20.0,35.0,0.99628,3.4,0.69,10.9,5
6.1,0.64,0.02,2.4,0.43,26.0,46.0,0.99358,3.47,0.45,11.1,5
7.5,0.59,0.19,10.45,0.12,43.0,60.0,0.99499,3.1,0.42,9.2,5
7.0,0.58,0.8,4.8,0.07,34.37,69.0,0.99633,3.32,0.7,9.8,6
5.21,0.64,0.0,2.7,0.123,15.0,33.0,1.0,3.44,0.63,11.3,6
6.8,0.64,0.0,2.7,0.32,15.0,33.0,0.99538,3.1,1.17,11.3,6
8.6,0.635,0.68,5.78,0.403,19.0,56.0,0.99632,3.02,1.15,9.44,5
6.3,1.02,0.28,5.89,0.23,5.41,24.0,0.99437,3.83,0.55,11.2,4
9.8,0.45,0.38,2.5,0.57,34.0,66.0,1.0,3.15,0.58,9.8,5
8.2,0.78,0.0,2.2,0.5,39.46,8.09,0.9978,3.13,0.46,9.6,4
8.5,0.37,0.32,1.46,0.066,52.87,51.0,1.0,3.38,0.72,11.8,6
7.2,0.57,0.05,9.87,0.24,16.0,255.12,1.0,3.64,0.49,9.63,6
7.2,0.57,0.05,2.3,0.081,16.0,36.0,0.99564,3.38,0.84,10.3,6
10.4,0.82,0.5,2.3,0.068,68.09,72.75,0.996,3.1,0.87,11.4,6
6.9,0.25,0.31,2.0,0.079,10.29,51.0,0.99668,3.47,0.55,9.5,6
5.5,0.49,0.59,6.16,0.044,28.0,87.0,0.9908,2.98,0.82,12.6,8
6.7,0.38,0.01,1.6,0.048,8.03,60.0,0.99084,3.7,0.75,14.0,6
7.3,0.44,0.61,1.6,0.049,24.0,64.0,0.9935,3.38,0.57,12.52,6
6.68,0.46,0.0,1.9,0.077,25.0,44.0,0.99,3.5,0.42,11.2,5
7.5,0.58,0.2,2.0,0.073,34.0,44.0,0.99494,3.1,0.43,9.3,5
7.8,0.58,0.13,9.11,0.102,17.0,36.0,0.9944,3.24,0.53,11.2,6
5.54,0.715,0.22,2.3,0.075,13.0,81.0,0.99688,3.38,0.54,9.5,6
8.5,0.65,0.4,12.48,0.05,3.0,10.0,0.99566,3.28,1.12,12.0,4
6.97,1.3,0.0,1.9,0.114,11.91,10.0,0.99636,3.35,0.6,8.82,6
8.0,1.17,0.2,2.3,0.39,13.0,81.0,0.99688,3.24,0.54,9.5,6
11.9,0.3,0.39,1.7,0.062,3.0,9.0,0.99,3.14,0.57,11.5,7
7.1,0.46,0.2,1.9,0.077,28.0,173.73,0.9956,3.37,0.46,10.4,6
7.1,0.46,0.2,4.35,0.41,28.0,194.8,0.9956,3.37,0.64,11.75,6
7.9,0.765,0.73,2.0,0.33,9.0,22.0,1.0,3.53,0.68,10.9,6
15.82,0.63,0.28,2.7,0.51,17.0,69.0,0.99734,3.26,0.63,10.2,6
7.0,0.42,0.19,2.3,0.27,18.0,36.0,0.99476,3.39,0.56,10.9,5
11.3,1.48,0.88,7.11,0.09,20.0,47.0,0.99,3.15,0.57,14.23,5
7.1,0.23,0.44,2.5,0.11,52.21,31.0,1.0,3.35,1.33,12.4,6
8.0,0.6,0.08,2.6,0.47,11.55,62.96,1.0,3.22,0.37,13.0,5
7.0,0.6,0.3,4.5,0.05,20.0,110.0,0.99914,3.3,1.17,10.2,5
14.1,0.6,0.3,4.5,0.068,20.0,215.78,0.99914,2.95,1.17,10.49,5
5.36,0.74,0.0,1.9,0.1,6.0,12.0,0.99521,3.04,0.59,10.21,5
8.2,0.2,0.1,2.1,0.073,5.12,60.0,0.99638,3.29,1.49,10.9,6
5.9,0.395,0.13,2.4,0.056,48.51,28.0,0.99362,3.62,0.67,12.4,6
14.98,0.3,0.0,1.9,0.084,26.74,12.0,0.99672,3.34,0.49,9.7,4
8.2,0.635,0.67,11.66,0.073,25.0,60.0,1.0,3.29,0.69,10.9,6
6.6,0.63,0.0,4.3,0.093,51.0,77.5,0.99,3.2,0.45,9.5,5
6.6,0.48,0.0,4.3,0.16,51.0,147.27,0.99,3.98,0.45,9.5,5
7.2,1.32,0.14,2.1,0.064,15.0,29.0,0.99323,3.96,1.08,8.91,6
5.7,0.6,0.42,1.4,0.063,11.0,288.1,0.99191,2.91,0.56,12.2,6
7.6,0.51,0.0,14.76,0.13699999999999998,5.0,9.0,0.99476,3.74,0.4,10.9,3
5.2,0.645,0.95,2.15,0.24,15.0,28.0,1.0,3.78,0.61,12.5,6
6.7,0.86,0.07,2.71,0.5,20.0,57.0,0.99598,3.6,0.74,11.7,6
12.25,0.37,0.32,2.1,0.064,4.0,144.65,1.0,3.3,0.8,11.2,6
8.0,0.28,0.36,1.8,0.081,28.0,130.51,1.0,3.36,0.66,11.2,5
12.89,0.79,0.21,2.3,0.087,21.0,193.0,0.9955,3.12,1.88,9.2,5
4.83,0.61,0.26,1.9,0.46,64.85,88.0,1.0,3.3,0.53,8.67,5
9.7,0.95,0.32,4.83,0.08800000000000001,22.0,91.0,0.9979,3.35,0.92,12.84,5
6.8,0.68,0.09,3.9,0.068,15.0,29.0,0.99524,3.41,0.52,11.1,4
14.0,0.69,0.32,2.5,0.42,71.57,91.0,0.9979,3.29,0.83,10.1,5
7.0,0.62,0.1,1.4,0.071,55.03,63.0,0.996,3.1,0.61,9.0,5
7.5,0.61,0.26,1.9,0.073,11.42,93.7,0.99612,3.3,0.53,9.8,5
6.5,0.51,0.15,3.0,0.064,12.0,27.0,0.99,3.33,1.96,12.8,6
8.0,0.93,0.81,1.9,0.083,14.0,41.0,0.99532,3.34,0.47,10.5,5
7.0,0.36,0.21,2.3,0.086,20.0,114.14,0.99,3.4,0.54,10.1,6
7.0,0.36,0.21,9.1,0.086,7.3,269.55,1.0,3.27,0.53,10.1,6
11.62,0.63,0.75,4.38,0.083,17.0,80.52,0.99616,3.26,2.0,9.8,6
5.4,0.74,0.0,1.2,0.041,16.0,212.42,1.0,4.01,0.59,12.5,6
7.82,0.44,0.46,12.36,0.091,10.0,41.0,0.99638,3.52,0.69,11.9,6
7.5,0.63,0.27,2.0,0.083,17.0,109.1,1.0,4.0,0.58,9.8,6
9.1,1.46,0.19,1.7,0.414,18.0,64.0,0.99652,2.9,1.33,9.1,6
4.79,0.66,0.34,12.64,0.094,3.24,88.0,0.99796,3.85,0.66,10.1,5
10.55,0.74,0.0,12.94,0.04,16.0,28.08,0.99258,4.01,1.06,12.5,6
6.99,0.34,0.42,1.8,0.058,5.86,18.0,0.99392,3.18,0.55,11.4,5
9.1,0.32,0.39,1.8,0.06,12.11,55.0,0.99495,3.18,0.82,11.0,7
6.09,0.46,0.69,1.7,0.077,18.0,34.0,0.9948,3.39,0.6,10.6,6
13.3,0.46,0.24,15.26,0.077,18.0,34.0,0.9948,3.39,1.49,10.6,6
6.7,0.46,0.24,1.7,0.08,44.95,15.31,0.9948,3.89,0.6,10.6,6
6.7,0.46,0.24,1.7,0.077,18.0,34.0,1.0,2.92,0.6,10.6,6
6.5,0.52,0.11,1.8,0.073,26.09,38.0,0.9955,3.34,0.52,9.3,5
7.4,0.6,0.26,2.1,0.083,2.02,91.0,0.99,3.29,0.56,10.99,6
7.4,0.53,0.58,2.1,0.083,17.0,91.0,0.99616,3.29,0.56,9.8,6
7.8,0.81,0.35,3.8,0.107,31.0,67.0,0.99668,3.26,0.46,9.2,5
8.4,0.39,0.1,1.7,0.51,11.15,25.0,0.99581,3.73,1.93,8.53,6
9.1,0.775,0.22,7.44,0.079,12.0,48.0,0.9976,3.18,0.51,11.23,5
7.2,0.39,0.47,2.0,0.166,4.0,11.0,1.0,3.39,0.52,10.0,5
7.83,0.58,0.02,2.4,0.069,19.0,40.0,1.0,3.57,1.83,12.6,6
15.11,0.5,0.0,1.4,0.057,15.0,218.39,0.99,3.36,1.4,9.5,5
6.0,1.57,0.0,13.31,0.057,15.0,26.0,0.99448,3.36,0.45,9.5,5
6.0,0.5,0.0,1.4,0.42,25.6,26.0,0.99448,3.64,0.45,9.5,5
5.37,0.51,0.02,1.7,0.084,13.0,31.0,0.99538,3.36,0.54,10.5,6
7.5,0.51,0.02,1.7,0.084,13.0,256.33,0.99538,3.36,0.54,10.5,6
7.5,0.51,0.02,4.04,0.084,13.0,31.0,0.99538,3.36,1.92,10.5,6
7.6,0.54,0.02,1.7,0.085,17.0,31.0,0.99589,3.37,0.51,10.4,6
11.41,0.51,0.02,1.54,0.084,13.0,31.0,0.99538,3.36,0.54,10.5,6
11.5,0.88,0.48,11.9,0.077,8.0,20.0,0.99852,3.09,0.53,11.0,5
8.2,0.44,0.24,2.3,0.05,10.0,177.65,1.0,3.25,0.53,10.2,6
7.68,0.59,0.01,5.07,0.056,5.0,13.0,0.99472,3.36,0.56,11.4,5
7.2,0.92,0.03,1.8,0.51,7.0,12.0,0.99587,3.34,0.39,9.5,5
7.2,0.655,0.03,1.8,0.078,7.0,12.0,1.0,3.34,0.39,9.5,5
6.9,0.98,0.13,2.8,0.081,21.0,41.0,0.99518,3.41,0.52,10.8,5
9.0,1.16,0.29,2.0,0.069,32.0,73.0,0.99654,3.11,0.34,10.0,5
7.2,0.62,0.99,2.3,0.065,8.0,46.0,0.99332,3.32,0.51,12.3,6
7.6,0.645,0.37,3.03,0.086,14.0,57.0,1.0,3.37,0.46,10.3,5
11.62,0.645,0.03,4.83,0.086,38.35,270.15,0.9969,2.88,0.46,10.3,5
7.2,0.58,0.03,2.3,0.077,7.0,28.0,0.99568,3.35,0.52,10.0,5
11.07,0.32,0.25,1.8,0.47,5.0,92.86,0.99464,3.36,1.99,10.1,5
6.1,1.56,0.25,4.27,0.084,4.0,28.0,0.99464,3.36,0.44,10.1,5
7.3,0.43,0.24,2.5,0.078,27.0,67.0,0.99648,3.6,0.59,11.1,6
7.4,0.41,0.85,5.4,0.4,52.0,98.0,0.99736,2.95,1.28,11.72,5
13.48,0.475,0.4,1.4,0.14,6.0,28.0,1.0,3.6,0.65,10.0333333333333,6
8.66,0.54,0.45,2.3,0.27,11.0,38.0,0.99699,3.24,0.56,10.9,5
8.3,0.85,0.56,2.5,0.093,13.0,218.53,0.99,3.36,1.44,10.1,5
9.77,0.475,0.4,1.4,0.07,7.03,277.47,0.99704,3.07,0.65,10.0333333333333,6
8.0,0.83,0.27,2.0,0.08,11.0,63.0,0.99652,3.78,0.48,9.8,4
7.2,0.605,0.63,1.9,0.096,10.0,31.0,0.995,2.76,0.53,11.8,6
7.8,1.37,0.09,2.2,0.115,10.0,42.0,1.0,3.18,0.62,9.5,5
7.3,0.74,0.84,1.7,0.094,10.0,89.11,0.99576,2.95,0.5,9.8,5
13.82,0.54,0.3,2.2,0.03,9.0,105.0,1.0,3.25,1.18,11.58,6
12.33,1.22,0.32,2.1,0.15,16.0,262.31,0.99656,3.27,1.04,8.45,6
6.6,1.29,0.35,1.6,0.069,51.6,8.0,0.99396,3.84,0.37,12.92,4
8.7,0.78,0.51,1.7,0.415,12.0,66.0,0.99623,3.0,1.02,9.2,5
14.1,0.58,0.56,3.1,0.153,5.0,14.0,0.99476,3.92,1.03,9.32,6
8.7,0.78,0.51,1.7,0.46,12.0,66.0,0.99623,3.0,0.53,9.2,5
7.7,0.75,0.56,3.8,0.11,34.0,89.0,0.99664,3.24,0.45,9.3,5
6.8,0.815,0.0,1.2,0.267,16.0,236.63,1.0,3.32,0.51,9.8,3
7.85,0.97,0.03,2.0,0.54,13.0,72.26,0.99586,3.26,0.52,9.9,5
8.2,0.885,0.2,6.01,0.086,47.61,151.5,1.0,3.11,0.46,10.0,5
5.2,0.49,0.26,2.85,0.09,23.0,74.0,0.9953,3.75,0.62,12.27,6
10.32,0.45,0.15,2.0,0.078,10.0,28.0,0.99609,3.29,0.51,9.9,6
7.5,1.43,0.88,11.78,0.077,11.0,35.0,0.99557,3.59,0.62,10.8,6
11.48,0.57,0.54,15.37,0.23,11.0,35.0,0.99557,3.36,0.62,10.8,6
6.8,0.83,0.65,12.78,0.07400000000000001,68.89,143.92,0.99534,3.38,0.45,8.61,5
5.57,0.92,0.22,2.1,0.54,25.0,105.0,0.99613,3.3,0.49,9.9,5
8.0,0.21,0.03,2.1,0.08,25.0,105.0,1.0,3.3,0.49,9.9,5
7.1,0.755,0.15,1.8,0.107,20.0,84.0,0.99593,3.19,0.49,9.5,5
12.85,0.56,0.25,3.4,0.24,34.0,85.0,0.99668,3.28,1.25,9.2,5
7.4,0.64,0.71,3.79,0.1,8.0,23.0,0.9961,3.3,0.58,9.6,5
9.71,0.64,0.07,12.29,0.1,8.0,23.0,0.9961,3.3,0.58,9.6,5
6.6,0.98,0.31,6.1,0.083,7.0,49.0,0.99718,3.24,0.68,10.3,5
5.89,0.48,0.26,2.2,0.44,36.0,111.0,0.99524,3.1,0.53,9.7,5
9.34,0.49,0.0,2.3,0.05,15.0,33.0,0.99292,3.91,1.61,12.5,6
8.36,0.64,0.18,2.4,0.094,5.0,33.0,1.0,3.51,0.58,11.0,5
7.1,0.62,0.06,1.3,0.07,32.58,12.0,0.9942,3.17,1.93,9.8,5
12.52,0.52,0.25,8.98,0.06,19.0,59.0,0.99612,3.3,0.48,10.2,5
6.4,0.57,0.77,3.9,0.5,27.0,36.98,0.99669,3.32,0.48,9.2,5
7.33,0.685,0.85,12.54,0.56,27.44,12.0,0.99745,3.03,0.65,9.55,6
8.7,0.675,0.1,1.6,0.09,4.0,11.0,0.99745,3.56,1.53,9.55,5
7.3,0.49,0.26,2.0,0.08,24.53,104.0,0.99584,3.88,1.43,9.9,5
7.0,0.6,0.33,2.2,0.083,35.48,28.0,1.0,2.82,0.62,10.2,7
11.59,1.44,0.0,2.2,0.068,10.0,24.0,0.9956,3.42,0.72,11.1,6
8.15,0.69,0.39,2.1,0.08,33.0,141.0,0.9962,3.25,0.51,13.95,5
14.83,0.69,0.21,2.1,0.41,33.0,188.79,0.99,3.25,1.38,10.93,5
7.6,1.23,0.42,2.0,0.18,30.48,24.0,1.0,3.44,0.82,11.9,6
7.41,0.33,0.33,1.7,0.061,3.0,13.0,0.996,3.97,1.1,13.31,8
8.0,0.5,0.39,2.6,0.08199999999999999,15.5,57.16,0.9985,3.43,0.62,10.7,6
14.71,0.28,0.3,2.0,0.23,18.0,34.0,0.9952,3.28,0.9,13.89,7
8.2,0.24,0.34,10.22,0.062,8.0,22.0,0.9974,3.22,0.94,10.9,6
6.0,0.51,0.0,4.23,0.064,40.0,123.42,0.995,3.54,0.93,10.7,6
8.1,0.29,0.36,2.2,0.048,68.2,53.0,0.995,3.92,0.82,12.4,7
6.0,0.51,0.0,10.25,0.064,40.0,54.0,0.995,3.54,0.93,11.22,6
6.6,0.46,0.0,1.8,0.08199999999999999,44.65,16.0,1.0,3.5,0.44,11.9,6
6.4,0.47,0.4,2.4,0.071,8.0,19.0,0.9963,3.56,0.73,10.6,6
11.54,0.24,0.34,11.6,0.062,8.0,217.92,0.9974,3.22,0.62,12.7,6
9.9,0.57,0.25,2.0,0.104,12.0,89.0,0.9963,3.04,1.01,10.1,5
8.97,0.45,0.81,2.2,0.077,3.0,15.0,0.9994,3.2,1.98,8.61,5
6.2,0.58,0.0,1.6,0.17,8.0,18.0,1.0,2.86,0.84,8.54,5
10.0,0.32,0.26,8.85,0.077,3.0,18.04,0.9994,2.76,0.78,9.6,5
7.3,0.34,0.33,2.5,0.064,21.0,37.0,0.9952,3.35,0.67,12.1,7
7.8,0.53,0.01,1.6,0.52,3.0,187.05,0.995,3.86,0.36,9.8,5
14.62,0.64,0.21,2.2,0.077,31.69,133.0,0.9956,3.27,0.45,9.9,5
7.8,1.12,0.01,9.74,0.28,3.0,45.56,1.0,3.16,0.46,9.8,5
7.5,0.4,0.18,11.77,0.57,24.0,195.58,0.99,3.34,0.58,9.4,5
7.0,0.2,0.0,2.1,0.11,39.0,55.0,0.9956,3.41,0.84,11.4,6
6.4,0.53,0.09,15.46,0.26,14.0,31.0,0.9968,3.5,0.67,11.0,4
8.3,1.41,0.37,4.65,0.076,8.0,23.0,0.9974,3.26,0.7,9.6,6
8.3,0.26,0.12,1.4,0.076,8.0,23.0,0.9974,3.26,0.62,9.6,6
7.7,0.23,0.87,1.8,0.046,62.48,27.66,0.9971,3.41,0.71,12.1,6
13.92,0.41,0.56,7.26,0.078,41.82,7.25,0.9957,3.3,0.58,11.2,5
7.8,0.21,0.0,13.12,0.34,27.0,55.0,0.9962,3.31,0.63,11.29,5
15.35,0.18,0.01,2.2,0.049,38.0,67.0,0.996,3.33,0.93,11.3,5
7.4,0.41,0.24,1.8,0.066,18.0,47.0,0.9956,3.94,0.62,10.4,5
7.6,0.43,0.31,2.1,0.069,13.0,74.0,0.9958,3.74,0.54,9.9,6
5.9,0.44,0.0,1.6,0.042,5.32,11.0,0.9944,3.48,0.85,11.7,6
6.1,0.4,0.16,1.8,0.069,11.0,161.13,0.9955,3.69,0.74,10.1,7
10.2,0.54,0.37,15.4,0.16,55.0,111.21,1.00369,3.27,0.77,9.0,6
10.2,0.91,0.99,15.4,0.14,55.0,97.03,1.00369,3.18,0.77,9.0,6
10.0,0.38,0.72,1.6,0.15,27.0,90.0,1.0,3.15,0.65,8.49,5
6.8,0.915,0.29,4.8,0.56,15.0,39.0,0.99577,3.53,0.54,11.1,5
6.1,0.59,0.0,1.7,0.052000000000000005,43.35,237.44,0.996,3.41,0.47,10.3,5
7.3,0.67,0.39,3.08,0.07200000000000001,31.0,92.0,0.99566,3.32,0.68,11.066666666666698,6
7.2,0.37,0.59,2.0,0.062,37.26,266.83,0.9947,3.35,1.01,10.92,7
7.4,1.43,0.19,5.2,0.094,19.0,98.0,0.99713,3.16,0.52,9.56666666666667,6
6.9,0.63,0.03,1.9,0.078,19.48,190.78,0.99712,3.4,0.68,9.46,5
6.9,0.58,0.2,1.75,0.058,8.0,22.0,0.99322,3.38,0.49,11.7,5
7.3,0.67,0.02,2.2,0.07200000000000001,31.0,92.0,0.99566,3.32,0.68,11.1,6
7.4,0.785,0.19,5.2,0.094,19.0,98.0,0.99713,3.16,0.52,9.6,6
10.02,0.63,0.02,1.9,0.55,30.59,30.0,0.99712,3.4,0.75,9.8,5
9.55,0.67,0.0,6.86,0.08,22.0,39.0,0.99701,3.4,0.74,9.51,5
6.9,0.58,0.01,1.9,0.08,40.0,203.75,0.99683,2.79,0.73,9.7,5
12.63,0.29,0.16,2.0,0.056,15.0,21.08,0.99,3.23,0.76,11.3,8
7.2,0.37,0.32,2.0,0.062,15.0,28.0,0.9947,3.47,0.73,11.3,7
7.8,0.32,0.01,11.45,0.104,8.0,17.0,1.0,3.33,0.78,12.32,7
6.6,0.58,0.02,2.0,0.062,37.0,203.09,0.99374,3.35,0.66,11.6,7
7.6,0.49,0.33,1.9,0.07400000000000001,27.0,85.0,0.99706,3.41,1.24,9.0,5
11.2,0.93,0.63,2.2,0.073,7.0,23.0,0.99974,3.21,0.69,9.03,6
6.5,0.9,0.0,5.17,0.052000000000000005,9.0,17.0,0.99467,3.5,0.63,10.9,6
6.0,0.54,0.06,8.51,0.05,38.0,117.39,0.99236,3.3,0.5,10.55,6
7.6,0.49,0.33,15.16,0.07400000000000001,30.7,55.85,0.99706,3.77,0.58,8.71,5
8.4,0.63,0.4,1.7,0.067,8.0,104.6,0.99603,3.39,0.6,10.5,5
7.9,0.2,0.35,1.7,0.054000000000000006,7.0,15.0,0.99458,3.32,1.09,12.7,7
6.4,0.42,0.09,2.3,0.054000000000000006,34.0,64.0,1.0,3.41,0.44,10.4,6
6.2,0.785,0.0,2.1,0.06,6.0,13.0,0.99664,3.59,0.61,10.0,4
6.8,0.66,0.03,6.82,0.32,65.94,31.0,0.99545,3.36,0.58,10.4,6
6.9,0.37,0.01,2.4,0.076,14.0,39.0,0.99522,3.34,0.53,10.8,6
6.8,0.59,0.1,1.7,0.16,8.05,53.0,0.9958,3.63,0.67,9.7,5
15.39,0.59,0.1,1.7,0.063,34.0,53.0,0.9958,3.41,0.67,9.7,5
7.3,0.48,0.32,2.1,0.062,31.0,54.0,0.99728,3.3,0.65,10.0,7
6.7,1.04,0.77,2.3,0.05,19.0,32.0,0.99648,3.52,0.57,11.0,4
7.3,0.48,0.85,5.45,0.062,31.0,124.89,0.99728,3.3,1.86,10.0,7
7.3,0.98,0.05,4.3,0.061,38.86,49.0,0.99,3.95,0.55,9.7,3
10.0,0.69,0.86,1.4,0.084,8.0,207.92,0.99578,2.88,0.9,10.9,5
6.7,0.7,0.08,3.75,0.067,8.0,16.0,0.99334,3.43,0.52,11.24,5
12.08,0.35,0.6,2.6,0.073,18.52,44.0,1.0,3.38,0.97,11.11,6
6.1,0.6,0.08,1.8,0.03,14.0,45.0,0.99,3.69,1.79,11.0,5
9.9,0.5,0.5,13.8,0.205,48.0,82.0,1.00242,3.86,0.75,8.8,5
5.3,0.47,0.11,2.2,0.048,48.51,102.5,0.99182,3.24,0.88,13.566666666666698,7
9.9,0.5,0.01,8.71,0.205,69.34,82.0,1.00242,3.16,0.36,8.8,5
5.3,0.47,0.11,5.85,0.048,22.19,89.0,1.0,3.54,0.63,13.6,7
12.76,0.19,0.69,5.7,0.08199999999999999,3.0,14.0,0.99808,3.4,0.45,11.38,3
15.04,0.28,0.9,5.84,0.104,49.74,22.0,0.99828,3.39,1.42,10.6,5
8.85,0.62,0.03,1.5,0.08,5.21,13.0,0.99498,3.92,0.62,10.1,4
10.09,0.28,0.6,3.0,0.104,10.0,22.0,0.99828,3.39,0.68,10.6,5
7.2,0.41,0.99,2.1,0.114,3.0,9.0,0.99719,3.33,1.99,10.3,4
8.1,0.33,0.44,13.85,0.21,6.0,12.0,1.0,3.35,1.21,10.7,5
6.8,0.91,0.06,2.0,0.06,4.0,11.0,0.99592,3.83,0.64,14.82,4
7.0,0.655,0.16,2.1,0.07400000000000001,8.0,112.45,0.99606,3.37,0.59,9.7,5
7.5,0.68,0.21,9.15,0.07,9.0,23.0,1.0,3.93,0.6,10.3,5
11.14,0.64,0.05,1.9,0.066,9.0,288.67,0.99496,3.52,1.14,10.6,5
15.6,0.54,0.04,1.7,0.2,1.85,13.0,0.9942,3.72,1.96,11.4,5
6.2,0.57,0.1,2.1,0.048,4.0,11.0,0.99,3.44,0.76,11.56,6
10.6,1.38,0.49,1.8,0.19,59.02,18.0,0.99344,3.39,0.56,12.4,6
5.6,0.54,0.04,11.65,0.049,14.53,13.0,0.9942,3.72,0.58,11.4,5
8.13,0.65,0.08,1.6,0.05,6.0,18.0,0.99348,3.57,0.87,14.89,5
7.7,0.54,0.26,1.9,0.19,23.0,33.57,0.99636,3.26,1.92,12.66,5
6.4,0.31,0.09,4.48,0.066,15.0,28.0,0.99459,3.5,1.89,10.0,7
7.0,0.43,0.67,4.83,0.08,15.0,28.0,0.99492,3.35,1.61,9.57,6
7.7,0.54,0.26,1.9,0.55,33.13,147.0,1.0,3.93,0.59,9.7,5
6.9,0.58,0.03,2.3,0.054000000000000006,18.96,16.0,0.99508,3.45,0.63,11.5,6
6.6,0.895,0.04,2.3,0.36,7.0,13.0,0.99,3.53,0.58,10.8,6
5.42,0.74,0.03,2.3,0.054000000000000006,7.0,16.0,0.99508,3.45,1.86,11.5,6
7.5,0.725,0.04,1.5,0.076,8.0,15.0,0.99508,3.26,0.53,9.6,5
5.83,0.82,0.29,4.3,0.49,21.0,64.0,0.99642,3.16,0.53,9.4,5
7.3,0.585,0.18,2.4,0.078,15.0,60.0,0.99638,3.31,0.84,13.27,5
6.2,0.44,0.39,2.5,0.07,6.0,14.0,0.99555,3.93,1.89,9.32,6
7.5,0.38,0.52,2.3,0.51,5.0,12.0,0.99605,3.36,0.55,11.4,6
6.7,0.98,0.02,15.04,0.43,6.0,216.18,0.996,3.55,1.98,12.62,3
13.04,0.81,0.05,12.67,0.3,6.0,14.0,0.99,3.51,0.66,10.76,6
7.5,0.81,0.57,2.3,0.106,5.0,12.0,1.0,3.36,0.55,11.4,6
7.1,0.27,0.6,2.1,0.58,17.0,25.0,0.99814,3.38,0.72,10.6,6
7.9,0.18,0.14,4.36,0.062,7.0,265.92,0.9941,3.28,0.7,11.1,5
6.4,0.36,0.94,2.2,0.35,26.0,96.26,0.99661,3.47,0.77,9.7,6
7.1,0.69,0.04,2.1,0.14,19.0,27.0,0.99712,3.4,0.67,9.8,5
6.4,0.79,0.04,2.2,0.17,2.86,17.0,0.99588,3.28,0.65,10.4,6
12.65,0.56,0.15,1.8,0.49,17.0,154.68,0.99294,3.33,0.6,10.5,6
6.9,0.84,0.21,4.1,0.07400000000000001,16.0,65.0,0.99842,3.53,0.5,9.23333333333333,6
6.9,0.77,0.21,11.3,0.07400000000000001,16.0,65.0,1.0,3.53,1.15,9.25,6
10.49,0.98,0.25,2.3,0.071,23.0,58.0,0.99633,3.42,0.97,10.6,5
6.5,0.53,0.06,2.0,0.57,29.0,211.01,0.99489,3.38,0.83,10.3,6
7.93,0.47,0.46,2.2,0.4,33.59,174.56,0.99647,3.32,0.34,11.6,5
11.95,0.7,0.57,2.6,0.106,11.15,29.43,1.0,3.44,0.58,10.2,5
6.5,0.53,0.06,11.53,0.41,17.18,44.0,1.0,3.38,0.87,10.3,6
6.9,0.19,0.2,6.5,0.08199999999999999,9.0,23.0,0.99585,3.61,0.43,9.05,4
6.1,1.12,0.25,13.17,0.071,14.39,58.0,0.99633,3.42,0.97,10.6,5
6.8,0.48,0.7,2.0,0.076,29.0,61.0,0.9953,3.34,0.6,10.4,5
6.0,1.26,0.56,2.0,0.075,22.0,47.0,0.99522,3.39,0.78,10.36,6
6.7,0.48,0.76,2.1,0.064,3.35,34.0,0.99552,3.33,0.64,9.41,5
6.8,0.47,0.08,2.18,0.064,56.26,38.0,1.0,3.3,0.65,9.6,6
7.1,0.9,0.07,1.7,0.12,15.0,71.72,0.9951,3.29,0.66,10.8,6
7.9,0.29,0.49,7.74,0.096,21.0,59.0,0.99714,3.31,0.67,14.73,6
7.1,0.6,0.08,14.42,0.063,42.0,52.0,0.99,3.42,1.41,10.2,6
6.6,0.32,0.35,2.2,0.37,9.0,18.0,0.99444,3.42,0.41,11.3,6
11.5,0.705,0.0,2.8,0.081,13.0,28.0,0.99631,3.6,0.66,12.98,5
7.2,0.53,0.13,2.0,0.058,18.0,22.0,0.99573,3.21,0.68,9.9,6
8.0,0.39,0.3,1.9,0.07400000000000001,32.0,84.0,0.99717,3.39,0.61,9.0,5
6.6,0.56,0.12,12.86,0.064,24.14,29.0,0.99397,2.99,0.62,11.7,7
7.0,0.55,0.4,2.2,0.075,15.0,35.0,0.9959,3.36,0.59,14.01,6
4.99,0.77,0.08,1.9,0.077,18.2,45.0,0.99528,3.6,0.68,10.3,6
5.4,0.58,0.08,1.9,0.059,20.0,31.0,0.99484,3.5,0.64,10.2,6
6.2,0.64,0.3,2.5,0.081,15.0,26.0,0.99538,3.57,0.5,14.69,5
10.69,0.6,0.32,1.8,0.02,34.0,60.0,0.99714,3.46,0.41,9.9,5
6.2,0.81,0.08,6.99,0.071,9.89,245.29,0.99646,2.98,0.63,14.66,6
7.4,1.18,0.29,2.2,0.054000000000000006,19.0,41.48,1.0,3.83,0.76,10.9,7
6.7,0.855,0.02,1.9,0.01,29.0,38.0,0.99472,3.3,0.56,8.67,6
15.49,0.44,0.42,2.2,0.064,14.0,19.0,0.99758,3.25,0.57,10.4,6
8.4,0.37,0.36,2.3,0.063,12.0,19.0,0.9955,3.17,0.81,14.78,7
6.5,0.63,0.33,11.81,0.059,16.0,28.0,0.99531,3.66,0.64,10.1,6
7.0,0.57,0.02,0.97,0.07200000000000001,17.0,26.0,0.99575,3.36,1.29,10.2,5
6.3,0.6,0.1,1.6,0.048,12.0,26.0,1.0,3.55,0.39,12.1,5
11.2,0.4,0.75,2.0,0.099,19.0,50.0,1.0,3.1,0.58,10.4,5
7.4,0.36,0.3,8.17,0.07400000000000001,17.0,24.0,0.99419,3.24,0.7,14.68,8
7.1,0.68,0.0,2.3,0.087,17.0,26.0,0.99783,3.45,0.53,13.89,5
7.1,0.67,0.0,0.95,0.083,18.0,27.0,0.99768,3.42,1.92,9.4,5
6.3,0.68,0.01,3.7,0.103,32.0,54.0,1.0,3.43,0.66,10.44,6
12.89,0.83,0.0,2.2,0.08,18.0,260.54,1.0,3.92,0.78,10.89,5
6.6,0.855,0.67,11.22,0.062,15.0,166.81,0.99627,3.54,1.76,11.0,6
14.54,0.56,0.17,1.7,0.41,26.0,24.0,0.99514,3.44,0.63,10.55,7
6.6,0.88,0.04,2.2,0.066,12.0,34.88,0.99636,3.53,0.56,9.9,5
11.81,0.855,0.02,2.4,0.2,15.0,23.0,0.99627,3.54,1.95,11.66,6
13.43,0.63,0.33,6.7,0.27,66.0,115.0,0.99787,2.96,0.56,9.5,5
11.58,0.19,0.26,2.0,0.08,25.19,131.0,1.0,2.78,0.52,9.9,5
7.8,0.6,0.26,2.0,0.08,31.0,131.0,0.99,3.21,0.52,9.9,5
7.8,0.6,0.26,2.0,0.08,31.0,131.0,0.99622,3.22,1.56,9.9,5
11.13,1.58,0.13,2.0,0.076,12.0,20.0,0.99546,3.18,0.54,10.19,5
7.2,0.79,0.89,10.97,0.076,12.0,55.0,0.99546,3.29,0.39,9.88,5
4.97,0.695,0.13,5.72,0.076,67.82,20.0,0.99546,3.29,0.54,10.1,5
6.7,0.67,0.34,1.9,0.01,26.0,42.0,0.99489,3.83,0.86,8.72,6
6.7,0.16,0.64,2.1,0.059,24.0,52.0,0.99494,3.34,0.71,13.42,6
7.2,0.695,0.13,2.0,0.076,12.0,20.0,1.0,3.29,1.25,10.1,5
7.0,0.56,0.16,6.74,0.077,25.0,42.0,0.99629,3.34,0.59,9.2,5
6.2,0.51,0.14,1.9,0.06,15.0,285.77,0.99396,3.48,0.57,11.5,6
6.4,0.36,0.53,2.2,0.23,19.0,231.26,0.99,2.97,0.93,10.46,6
6.4,0.38,0.14,4.64,0.16,15.0,25.0,1.0,3.87,0.65,11.1,6
7.3,0.69,0.32,2.2,0.069,35.0,104.0,1.0,3.33,0.51,9.5,5
6.0,0.58,0.2,2.4,0.075,36.24,175.85,0.99,3.01,0.67,12.5,6
5.6,0.31,0.78,13.9,0.07400000000000001,23.0,30.93,0.99677,3.39,0.48,10.5,6
7.46,0.91,0.4,2.2,0.06,12.0,20.0,0.99474,3.26,0.64,11.8,6
8.0,0.3,0.44,1.6,0.081,16.0,29.0,0.99,3.12,0.78,10.8,6
6.2,1.42,0.42,5.1,0.076,13.0,27.0,0.99622,3.54,0.6,11.9,6
6.8,0.67,0.15,1.8,0.118,13.0,20.0,0.9954,3.42,0.67,11.3,6
6.2,0.56,0.09,1.7,0.053,24.0,46.66,0.99402,3.54,0.6,11.3,5
7.4,0.97,0.33,2.4,0.068,62.84,26.0,0.9947,3.36,0.6,11.9,6
6.2,0.56,0.09,1.7,0.053,41.39,32.0,0.99,3.1,0.6,11.3,5
6.1,0.49,0.1,4.94,0.053,13.0,27.0,1.0,3.21,0.5,11.9,5
12.38,0.46,0.15,12.23,0.19,32.0,98.0,1.0,3.33,0.62,12.74,5
6.7,1.03,0.44,6.58,0.11,24.0,163.19,0.99484,3.29,0.84,11.6,7
7.2,0.39,0.44,6.66,0.066,22.0,48.0,0.99,3.3,0.84,11.5,6
7.5,0.31,0.41,2.4,0.065,34.0,60.0,0.99492,3.34,0.85,11.4,6
5.8,0.61,0.11,1.8,0.066,18.0,28.0,0.99483,3.55,0.66,10.9,6
7.2,0.17,0.33,2.5,0.068,34.0,102.0,0.99414,3.27,0.78,12.8,6
13.91,0.85,0.2,3.72,0.12,54.7,79.0,0.99,3.29,0.54,9.2,5
10.63,0.55,0.15,1.8,0.077,26.0,35.0,1.0,3.32,0.82,11.6,6
5.4,1.3,0.09,1.7,0.08900000000000001,16.0,26.0,1.0,3.67,0.73,11.6,6
6.3,0.51,0.13,2.3,0.076,61.97,40.0,1.0,3.42,0.75,13.99,6
6.8,0.62,0.08,9.21,0.068,28.0,38.0,0.99651,3.84,1.63,13.53,6
6.2,0.6,0.08,2.0,0.09,32.0,41.72,0.9949,3.45,1.72,10.51,5
15.61,0.18,0.51,2.2,0.062,39.0,51.0,0.99512,3.52,0.76,11.2,6
6.3,0.51,0.13,2.3,0.076,29.0,40.0,0.99574,3.42,1.38,11.0,6
15.79,0.645,0.73,2.0,0.075,32.0,44.0,0.99547,3.57,0.71,10.2,5
6.0,0.32,0.47,3.6,0.067,23.03,42.0,1.0,3.39,0.66,11.0,6
